endpoint,p,r,g,u_A,u_B,scenario,total_expected_cost_ceiling
report_hypothetical,0.6,0.8,0,0.0,0.0,equal,120.0
report_hypothetical,0.6,0.8,0,0.0,0.2,differential,3.6480000000000246
report_hypothetical,0.6,0.8,0.3,0.0,0.0,equal,120.0
report_hypothetical,0.6,0.8,0.3,0.0,0.2,differential,-5.078399999999959
report_hypothetical,0.6,0.8,0.6,0.0,0.0,equal,120.0
report_hypothetical,0.6,0.8,0.6,0.0,0.2,differential,-13.804799999999943
report_hypothetical,0.6,0.8,1,0.0,0.0,equal,120.0
report_hypothetical,0.6,0.8,1,0.0,0.2,differential,-25.43999999999994
report_hypothetical,0.6,0.8,0,0.01,0.01,equal,134.544
report_hypothetical,0.6,0.8,0,0.01,0.21000000000000002,differential,16.010400000000004
report_hypothetical,0.6,0.8,0.3,0.01,0.01,equal,130.1808
report_hypothetical,0.6,0.8,0.3,0.01,0.21000000000000002,differential,3.5752800000000207
report_hypothetical,0.6,0.8,0.6,0.01,0.01,equal,125.81760000000001
report_hypothetical,0.6,0.8,0.6,0.01,0.21000000000000002,differential,-8.859839999999963
report_hypothetical,0.6,0.8,1,0.01,0.01,equal,120.00000000000003
report_hypothetical,0.6,0.8,1,0.01,0.21000000000000002,differential,-25.43999999999994
report_hypothetical,0.6,0.8,0,0.02,0.02,equal,149.08800000000002
report_hypothetical,0.6,0.8,0,0.02,0.22,differential,28.37280000000004
report_hypothetical,0.6,0.8,0.3,0.02,0.02,equal,140.3616
report_hypothetical,0.6,0.8,0.3,0.02,0.22,differential,12.22896000000003
report_hypothetical,0.6,0.8,0.6,0.02,0.02,equal,131.6352
report_hypothetical,0.6,0.8,0.6,0.02,0.22,differential,-3.9148799999999824
report_hypothetical,0.6,0.8,1,0.02,0.02,equal,120.0
report_hypothetical,0.6,0.8,1,0.02,0.22,differential,-25.439999999999998
report_hypothetical,0.6,0.8,0,0.03,0.03,equal,163.632
report_hypothetical,0.6,0.8,0,0.03,0.23,differential,40.73520000000002
report_hypothetical,0.6,0.8,0.3,0.03,0.03,equal,150.54240000000001
report_hypothetical,0.6,0.8,0.3,0.03,0.23,differential,20.88264000000001
report_hypothetical,0.6,0.8,0.6,0.03,0.03,equal,137.45279999999997
report_hypothetical,0.6,0.8,0.6,0.03,0.23,differential,1.030079999999998
report_hypothetical,0.6,0.8,1,0.03,0.03,equal,120.0
report_hypothetical,0.6,0.8,1,0.03,0.23,differential,-25.43999999999994
report_hypothetical,0.6,0.8,0,0.04,0.04,equal,178.17600000000002
report_hypothetical,0.6,0.8,0,0.04,0.24000000000000002,differential,53.09760000000003
report_hypothetical,0.6,0.8,0.3,0.04,0.04,equal,160.72319999999996
report_hypothetical,0.6,0.8,0.3,0.04,0.24000000000000002,differential,29.53631999999999
report_hypothetical,0.6,0.8,0.6,0.04,0.04,equal,143.27039999999997
report_hypothetical,0.6,0.8,0.6,0.04,0.24000000000000002,differential,5.975039999999979
report_hypothetical,0.6,0.8,1,0.04,0.04,equal,120.0
report_hypothetical,0.6,0.8,1,0.04,0.24000000000000002,differential,-25.439999999999998
report_hypothetical,0.6,0.8,0,0.05,0.05,equal,192.72
report_hypothetical,0.6,0.8,0,0.05,0.25,differential,65.46000000000004
report_hypothetical,0.6,0.8,0.3,0.05,0.05,equal,170.904
report_hypothetical,0.6,0.8,0.3,0.05,0.25,differential,38.19
report_hypothetical,0.6,0.8,0.6,0.05,0.05,equal,149.08799999999997
report_hypothetical,0.6,0.8,0.6,0.05,0.25,differential,10.920000000000016
report_hypothetical,0.6,0.8,1,0.05,0.05,equal,120.0
report_hypothetical,0.6,0.8,1,0.05,0.25,differential,-25.43999999999994
report_hypothetical,0.6,0.8,0,0.06,0.06,equal,207.264
report_hypothetical,0.6,0.8,0,0.06,0.26,differential,77.82240000000004
report_hypothetical,0.6,0.8,0.3,0.06,0.06,equal,181.08479999999994
report_hypothetical,0.6,0.8,0.3,0.06,0.26,differential,46.84367999999995
report_hypothetical,0.6,0.8,0.6,0.06,0.06,equal,154.90559999999994
report_hypothetical,0.6,0.8,0.6,0.06,0.26,differential,15.864959999999996
report_hypothetical,0.6,0.8,1,0.06,0.06,equal,120.0
report_hypothetical,0.6,0.8,1,0.06,0.26,differential,-25.440000000000055
report_hypothetical,0.6,0.8,0,0.07,0.07,equal,221.808
report_hypothetical,0.6,0.8,0,0.07,0.27,differential,90.1848
report_hypothetical,0.6,0.8,0.3,0.07,0.07,equal,191.26559999999998
report_hypothetical,0.6,0.8,0.3,0.07,0.27,differential,55.497360000000015
report_hypothetical,0.6,0.8,0.6,0.07,0.07,equal,160.72320000000002
report_hypothetical,0.6,0.8,0.6,0.07,0.27,differential,20.809920000000034
report_hypothetical,0.6,0.8,1,0.07,0.07,equal,120.0
report_hypothetical,0.6,0.8,1,0.07,0.27,differential,-25.43999999999994
report_hypothetical,0.6,0.8,0,0.08,0.08,equal,236.35200000000003
report_hypothetical,0.6,0.8,0,0.08,0.28,differential,102.5472
report_hypothetical,0.6,0.8,0.3,0.08,0.08,equal,201.44639999999998
report_hypothetical,0.6,0.8,0.3,0.08,0.28,differential,64.15104000000002
report_hypothetical,0.6,0.8,0.6,0.08,0.08,equal,166.54079999999993
report_hypothetical,0.6,0.8,0.6,0.08,0.28,differential,25.754879999999957
report_hypothetical,0.6,0.8,1,0.08,0.08,equal,120.0
report_hypothetical,0.6,0.8,1,0.08,0.28,differential,-25.440000000000055
report_hypothetical,0.6,0.8,0,0.09,0.09,equal,250.89600000000002
report_hypothetical,0.6,0.8,0,0.09,0.29000000000000004,differential,114.90960000000001
report_hypothetical,0.6,0.8,0.3,0.09,0.09,equal,211.62720000000002
report_hypothetical,0.6,0.8,0.3,0.09,0.29000000000000004,differential,72.80472000000003
report_hypothetical,0.6,0.8,0.6,0.09,0.09,equal,172.35840000000002
report_hypothetical,0.6,0.8,0.6,0.09,0.29000000000000004,differential,30.699839999999995
report_hypothetical,0.6,0.8,1,0.09,0.09,equal,120.0
report_hypothetical,0.6,0.8,1,0.09,0.29000000000000004,differential,-25.43999999999994
report_hypothetical,0.6,0.8,0,0.1,0.1,equal,265.44000000000005
report_hypothetical,0.6,0.8,0,0.1,0.30000000000000004,differential,127.27200000000002
report_hypothetical,0.6,0.8,0.3,0.1,0.1,equal,221.80799999999996
report_hypothetical,0.6,0.8,0.3,0.1,0.30000000000000004,differential,81.45839999999998
report_hypothetical,0.6,0.8,0.6,0.1,0.1,equal,178.17599999999993
report_hypothetical,0.6,0.8,0.6,0.1,0.30000000000000004,differential,35.64479999999992
report_hypothetical,0.6,0.8,1,0.1,0.1,equal,120.0
report_hypothetical,0.6,0.8,1,0.1,0.30000000000000004,differential,-25.43999999999994
report_hypothetical,0.6,0.8,0,0.11,0.11,equal,279.984
report_hypothetical,0.6,0.8,0,0.11,0.31,differential,139.63440000000003
report_hypothetical,0.6,0.8,0.3,0.11,0.11,equal,231.98879999999997
report_hypothetical,0.6,0.8,0.3,0.11,0.31,differential,90.11208000000005
report_hypothetical,0.6,0.8,0.6,0.11,0.11,equal,183.99360000000001
report_hypothetical,0.6,0.8,0.6,0.11,0.31,differential,40.58976000000007
report_hypothetical,0.6,0.8,1,0.11,0.11,equal,120.00000000000011
report_hypothetical,0.6,0.8,1,0.11,0.31,differential,-25.439999999999827
report_hypothetical,0.6,0.8,0,0.12,0.12,equal,294.52799999999996
report_hypothetical,0.6,0.8,0,0.12,0.32,differential,151.99679999999995
report_hypothetical,0.6,0.8,0.3,0.12,0.12,equal,242.1695999999999
report_hypothetical,0.6,0.8,0.3,0.12,0.32,differential,98.76575999999989
report_hypothetical,0.6,0.8,0.6,0.12,0.12,equal,189.81119999999999
report_hypothetical,0.6,0.8,0.6,0.12,0.32,differential,45.53471999999999
report_hypothetical,0.6,0.8,1,0.12,0.12,equal,120.0
report_hypothetical,0.6,0.8,1,0.12,0.32,differential,-25.43999999999994
report_hypothetical,0.6,0.8,0,0.13,0.13,equal,309.07200000000006
report_hypothetical,0.6,0.8,0,0.13,0.33,differential,164.35920000000007
report_hypothetical,0.6,0.8,0.3,0.13,0.13,equal,252.35040000000004
report_hypothetical,0.6,0.8,0.3,0.13,0.33,differential,107.41944000000001
report_hypothetical,0.6,0.8,0.6,0.13,0.13,equal,195.62880000000007
report_hypothetical,0.6,0.8,0.6,0.13,0.33,differential,50.479680000000144
report_hypothetical,0.6,0.8,1,0.13,0.13,equal,120.00000000000023
report_hypothetical,0.6,0.8,1,0.13,0.33,differential,-25.439999999999827
report_hypothetical,0.6,0.8,0,0.14,0.14,equal,323.61600000000004
report_hypothetical,0.6,0.8,0,0.14,0.34,differential,176.72160000000008
report_hypothetical,0.6,0.8,0.3,0.14,0.14,equal,262.53119999999996
report_hypothetical,0.6,0.8,0.3,0.14,0.34,differential,116.07312000000002
report_hypothetical,0.6,0.8,0.6,0.14,0.14,equal,201.44640000000004
report_hypothetical,0.6,0.8,0.6,0.14,0.34,differential,55.42464000000007
report_hypothetical,0.6,0.8,1,0.14,0.14,equal,120.0
report_hypothetical,0.6,0.8,1,0.14,0.34,differential,-25.43999999999994
report_hypothetical,0.6,0.8,0,0.15,0.15,equal,338.16
report_hypothetical,0.6,0.8,0,0.15,0.35,differential,189.0840000000001
report_hypothetical,0.6,0.8,0.3,0.15,0.15,equal,272.71200000000005
report_hypothetical,0.6,0.8,0.3,0.15,0.35,differential,124.72680000000014
report_hypothetical,0.6,0.8,0.6,0.15,0.15,equal,207.264
report_hypothetical,0.6,0.8,0.6,0.15,0.35,differential,60.369600000000105
report_hypothetical,0.6,0.8,1,0.15,0.15,equal,120.00000000000011
report_hypothetical,0.6,0.8,1,0.15,0.35,differential,-25.439999999999827
report_hypothetical,0.6,0.8,0,0.16,0.16,equal,352.70399999999995
report_hypothetical,0.6,0.8,0,0.16,0.36,differential,201.4464
report_hypothetical,0.6,0.8,0.3,0.16,0.16,equal,282.89279999999997
report_hypothetical,0.6,0.8,0.3,0.16,0.36,differential,133.38048000000003
report_hypothetical,0.6,0.8,0.6,0.16,0.16,equal,213.08159999999987
report_hypothetical,0.6,0.8,0.6,0.16,0.36,differential,65.31455999999991
report_hypothetical,0.6,0.8,1,0.16,0.16,equal,119.99999999999989
report_hypothetical,0.6,0.8,1,0.16,0.36,differential,-25.440000000000055
report_hypothetical,0.6,0.8,0,0.17,0.17,equal,367.24800000000005
report_hypothetical,0.6,0.8,0,0.17,0.37,differential,213.80880000000008
report_hypothetical,0.6,0.8,0.3,0.17,0.17,equal,293.07360000000006
report_hypothetical,0.6,0.8,0.3,0.17,0.37,differential,142.03416000000016
report_hypothetical,0.6,0.8,0.6,0.17,0.17,equal,218.89920000000006
report_hypothetical,0.6,0.8,0.6,0.17,0.37,differential,70.25952000000007
report_hypothetical,0.6,0.8,1,0.17,0.17,equal,120.0
report_hypothetical,0.6,0.8,1,0.17,0.37,differential,-25.439999999999827
report_hypothetical,0.6,0.8,0,0.18,0.18,equal,381.792
report_hypothetical,0.6,0.8,0,0.18,0.38,differential,226.1712
report_hypothetical,0.6,0.8,0.3,0.18,0.18,equal,303.25440000000003
report_hypothetical,0.6,0.8,0.3,0.18,0.38,differential,150.68784000000005
report_hypothetical,0.6,0.8,0.6,0.18,0.18,equal,224.71680000000003
report_hypothetical,0.6,0.8,0.6,0.18,0.38,differential,75.20447999999999
report_hypothetical,0.6,0.8,1,0.18,0.18,equal,120.0
report_hypothetical,0.6,0.8,1,0.18,0.38,differential,-25.440000000000055
report_hypothetical,0.6,0.8,0,0.19,0.19,equal,396.336
report_hypothetical,0.6,0.8,0,0.19,0.39,differential,238.53360000000004
report_hypothetical,0.6,0.8,0.3,0.19,0.19,equal,313.43519999999995
report_hypothetical,0.6,0.8,0.3,0.19,0.39,differential,159.34151999999995
report_hypothetical,0.6,0.8,0.6,0.19,0.19,equal,230.5344
report_hypothetical,0.6,0.8,0.6,0.19,0.39,differential,80.14944000000003
report_hypothetical,0.6,0.8,1,0.19,0.19,equal,120.0
report_hypothetical,0.6,0.8,1,0.19,0.39,differential,-25.440000000000055
report_hypothetical,0.6,0.8,0,0.2,0.2,equal,410.88000000000005
report_hypothetical,0.6,0.8,0,0.2,0.4,differential,250.89600000000007
report_hypothetical,0.6,0.8,0.3,0.2,0.2,equal,323.61599999999993
report_hypothetical,0.6,0.8,0.3,0.2,0.4,differential,167.99519999999995
report_hypothetical,0.6,0.8,0.6,0.2,0.2,equal,236.35199999999986
report_hypothetical,0.6,0.8,0.6,0.2,0.4,differential,85.09439999999995
report_hypothetical,0.6,0.8,1,0.2,0.2,equal,120.0
report_hypothetical,0.6,0.8,1,0.2,0.4,differential,-25.439999999999827
report_hypothetical,0.6,0.8,0,0.21,0.21,equal,425.424
report_hypothetical,0.6,0.8,0,0.21,0.41000000000000003,differential,263.2584
report_hypothetical,0.6,0.8,0.3,0.21,0.21,equal,333.7968
report_hypothetical,0.6,0.8,0.3,0.21,0.41000000000000003,differential,176.64888000000008
report_hypothetical,0.6,0.8,0.6,0.21,0.21,equal,242.16960000000006
report_hypothetical,0.6,0.8,0.6,0.21,0.41000000000000003,differential,90.03935999999999
report_hypothetical,0.6,0.8,1,0.21,0.21,equal,120.0
report_hypothetical,0.6,0.8,1,0.21,0.41000000000000003,differential,-25.440000000000055
report_hypothetical,0.6,0.8,0,0.22,0.22,equal,439.9680000000001
report_hypothetical,0.6,0.8,0,0.22,0.42000000000000004,differential,275.62080000000003
report_hypothetical,0.6,0.8,0.3,0.22,0.22,equal,343.9776
report_hypothetical,0.6,0.8,0.3,0.22,0.42000000000000004,differential,185.30255999999997
report_hypothetical,0.6,0.8,0.6,0.22,0.22,equal,247.98720000000003
report_hypothetical,0.6,0.8,0.6,0.22,0.42000000000000004,differential,94.98432000000003
report_hypothetical,0.6,0.8,1,0.22,0.22,equal,120.0
report_hypothetical,0.6,0.8,1,0.22,0.42000000000000004,differential,-25.440000000000055
report_hypothetical,0.6,0.8,0,0.23,0.23,equal,454.512
report_hypothetical,0.6,0.8,0,0.23,0.43000000000000005,differential,287.9832
report_hypothetical,0.6,0.8,0.3,0.23,0.23,equal,354.1584
report_hypothetical,0.6,0.8,0.3,0.23,0.43000000000000005,differential,193.95623999999998
report_hypothetical,0.6,0.8,0.6,0.23,0.23,equal,253.80479999999977
report_hypothetical,0.6,0.8,0.6,0.23,0.43000000000000005,differential,99.92927999999984
report_hypothetical,0.6,0.8,1,0.23,0.23,equal,120.00000000000023
report_hypothetical,0.6,0.8,1,0.23,0.43000000000000005,differential,-25.439999999999827
report_hypothetical,0.6,0.8,0,0.24,0.24,equal,469.056
report_hypothetical,0.6,0.8,0,0.24,0.44,differential,300.3456
report_hypothetical,0.6,0.8,0.3,0.24,0.24,equal,364.3392
report_hypothetical,0.6,0.8,0.3,0.24,0.44,differential,202.60992
report_hypothetical,0.6,0.8,0.6,0.24,0.24,equal,259.62239999999997
report_hypothetical,0.6,0.8,0.6,0.24,0.44,differential,104.8742400000001
report_hypothetical,0.6,0.8,1,0.24,0.24,equal,120.0
report_hypothetical,0.6,0.8,1,0.24,0.44,differential,-25.439999999999827
report_hypothetical,0.6,0.8,0,0.25,0.25,equal,483.6
report_hypothetical,0.6,0.8,0,0.25,0.45,differential,312.708
report_hypothetical,0.6,0.8,0.3,0.25,0.25,equal,374.52
report_hypothetical,0.6,0.8,0.3,0.25,0.45,differential,211.2636
report_hypothetical,0.6,0.8,0.6,0.25,0.25,equal,265.43999999999994
report_hypothetical,0.6,0.8,0.6,0.25,0.45,differential,109.81919999999991
report_hypothetical,0.6,0.8,1,0.25,0.25,equal,120.0
report_hypothetical,0.6,0.8,1,0.25,0.45,differential,-25.440000000000055
report_hypothetical,0.6,0.8,0,0.26,0.26,equal,498.14400000000006
report_hypothetical,0.6,0.8,0,0.26,0.46,differential,325.0704000000001
report_hypothetical,0.6,0.8,0.3,0.26,0.26,equal,384.7008000000001
report_hypothetical,0.6,0.8,0.3,0.26,0.46,differential,219.91728000000012
report_hypothetical,0.6,0.8,0.6,0.26,0.26,equal,271.2576
report_hypothetical,0.6,0.8,0.6,0.26,0.46,differential,114.76415999999995
report_hypothetical,0.6,0.8,1,0.26,0.26,equal,120.00000000000045
report_hypothetical,0.6,0.8,1,0.26,0.46,differential,-25.4399999999996
report_hypothetical,0.6,0.8,0,0.27,0.27,equal,512.6879999999999
report_hypothetical,0.6,0.8,0,0.27,0.47000000000000003,differential,337.43279999999993
report_hypothetical,0.6,0.8,0.3,0.27,0.27,equal,394.88159999999993
report_hypothetical,0.6,0.8,0.3,0.27,0.47000000000000003,differential,228.57096
report_hypothetical,0.6,0.8,0.6,0.27,0.27,equal,277.0752
report_hypothetical,0.6,0.8,0.6,0.27,0.47000000000000003,differential,119.70911999999998
report_hypothetical,0.6,0.8,1,0.27,0.27,equal,120.00000000000023
report_hypothetical,0.6,0.8,1,0.27,0.47000000000000003,differential,-25.439999999999827
report_hypothetical,0.6,0.8,0,0.28,0.28,equal,527.2320000000001
report_hypothetical,0.6,0.8,0,0.28,0.48000000000000004,differential,349.79520000000014
report_hypothetical,0.6,0.8,0.3,0.28,0.28,equal,405.0624
report_hypothetical,0.6,0.8,0.3,0.28,0.48000000000000004,differential,237.22464000000002
report_hypothetical,0.6,0.8,0.6,0.28,0.28,equal,282.8928000000001
report_hypothetical,0.6,0.8,0.6,0.28,0.48000000000000004,differential,124.65408000000002
report_hypothetical,0.6,0.8,1,0.28,0.28,equal,120.0
report_hypothetical,0.6,0.8,1,0.28,0.48000000000000004,differential,-25.440000000000055
report_hypothetical,0.6,0.8,0,0.29,0.29,equal,541.776
report_hypothetical,0.6,0.8,0,0.29,0.49,differential,362.1576
report_hypothetical,0.6,0.8,0.3,0.29,0.29,equal,415.2432
report_hypothetical,0.6,0.8,0.3,0.29,0.49,differential,245.87832000000003
report_hypothetical,0.6,0.8,0.6,0.29,0.29,equal,288.71039999999994
report_hypothetical,0.6,0.8,0.6,0.29,0.49,differential,129.59903999999983
report_hypothetical,0.6,0.8,1,0.29,0.29,equal,120.0
report_hypothetical,0.6,0.8,1,0.29,0.49,differential,-25.440000000000055
report_hypothetical,0.6,0.8,0,0.3,0.3,equal,556.32
report_hypothetical,0.6,0.8,0,0.3,0.5,differential,374.52000000000004
report_hypothetical,0.6,0.8,0.3,0.3,0.3,equal,425.4240000000001
report_hypothetical,0.6,0.8,0.3,0.3,0.5,differential,254.53200000000015
report_hypothetical,0.6,0.8,0.6,0.3,0.3,equal,294.528
report_hypothetical,0.6,0.8,0.6,0.3,0.5,differential,134.5440000000001
report_hypothetical,0.6,0.8,1,0.3,0.3,equal,120.00000000000023
report_hypothetical,0.6,0.8,1,0.3,0.5,differential,-25.439999999999827
report_hypothetical,0.6,0.8,0,0.31,0.31,equal,570.864
report_hypothetical,0.6,0.8,0,0.31,0.51,differential,386.8824
report_hypothetical,0.6,0.8,0.3,0.31,0.31,equal,435.60480000000007
report_hypothetical,0.6,0.8,0.3,0.31,0.51,differential,263.18568000000005
report_hypothetical,0.6,0.8,0.6,0.31,0.31,equal,300.3455999999999
report_hypothetical,0.6,0.8,0.6,0.31,0.51,differential,139.4889599999999
report_hypothetical,0.6,0.8,1,0.31,0.31,equal,120.0
report_hypothetical,0.6,0.8,1,0.31,0.51,differential,-25.440000000000055
report_hypothetical,0.6,0.8,0,0.32,0.32,equal,585.4079999999999
report_hypothetical,0.6,0.8,0,0.32,0.52,differential,399.24479999999994
report_hypothetical,0.6,0.8,0.3,0.32,0.32,equal,445.78559999999993
report_hypothetical,0.6,0.8,0.3,0.32,0.52,differential,271.83935999999994
report_hypothetical,0.6,0.8,0.6,0.32,0.32,equal,306.16319999999973
report_hypothetical,0.6,0.8,0.6,0.32,0.52,differential,144.43391999999972
report_hypothetical,0.6,0.8,1,0.32,0.32,equal,119.99999999999977
report_hypothetical,0.6,0.8,1,0.32,0.52,differential,-25.440000000000055
report_hypothetical,0.6,0.8,0,0.33,0.33,equal,599.9520000000001
report_hypothetical,0.6,0.8,0,0.33,0.53,differential,411.60720000000015
report_hypothetical,0.6,0.8,0.3,0.33,0.33,equal,455.9663999999999
report_hypothetical,0.6,0.8,0.3,0.33,0.53,differential,280.49303999999995
report_hypothetical,0.6,0.8,0.6,0.33,0.33,equal,311.9807999999998
report_hypothetical,0.6,0.8,0.6,0.33,0.53,differential,149.37887999999998
report_hypothetical,0.6,0.8,1,0.33,0.33,equal,120.00000000000023
report_hypothetical,0.6,0.8,1,0.33,0.53,differential,-25.4399999999996
report_hypothetical,0.6,0.8,0,0.34,0.34,equal,614.4960000000001
report_hypothetical,0.6,0.8,0,0.34,0.54,differential,423.9696
report_hypothetical,0.6,0.8,0.3,0.34,0.34,equal,466.1472000000001
report_hypothetical,0.6,0.8,0.3,0.34,0.54,differential,289.1467200000002
report_hypothetical,0.6,0.8,0.6,0.34,0.34,equal,317.79840000000013
report_hypothetical,0.6,0.8,0.6,0.34,0.54,differential,154.32384000000002
report_hypothetical,0.6,0.8,1,0.34,0.34,equal,120.0
report_hypothetical,0.6,0.8,1,0.34,0.54,differential,-25.440000000000055
report_hypothetical,0.6,0.8,0,0.35,0.35,equal,629.04
report_hypothetical,0.6,0.8,0,0.35,0.55,differential,436.332
report_hypothetical,0.6,0.8,0.3,0.35,0.35,equal,476.328
report_hypothetical,0.6,0.8,0.3,0.35,0.55,differential,297.8004000000001
report_hypothetical,0.6,0.8,0.6,0.35,0.35,equal,323.61599999999976
report_hypothetical,0.6,0.8,0.6,0.35,0.55,differential,159.26879999999983
report_hypothetical,0.6,0.8,1,0.35,0.35,equal,120.0
report_hypothetical,0.6,0.8,1,0.35,0.55,differential,-25.440000000000055
report_hypothetical,0.6,0.8,0,0.36,0.36,equal,643.584
report_hypothetical,0.6,0.8,0,0.36,0.56,differential,448.6943999999999
report_hypothetical,0.6,0.8,0.3,0.36,0.36,equal,486.50880000000006
report_hypothetical,0.6,0.8,0.3,0.36,0.56,differential,306.45408
report_hypothetical,0.6,0.8,0.6,0.36,0.36,equal,329.43360000000007
report_hypothetical,0.6,0.8,0.6,0.36,0.56,differential,164.2137600000001
report_hypothetical,0.6,0.8,1,0.36,0.36,equal,120.0
report_hypothetical,0.6,0.8,1,0.36,0.56,differential,-25.440000000000055
report_hypothetical,0.6,0.8,0,0.37,0.37,equal,658.128
report_hypothetical,0.6,0.8,0,0.37,0.5700000000000001,differential,461.0568
report_hypothetical,0.6,0.8,0.3,0.37,0.37,equal,496.68960000000004
report_hypothetical,0.6,0.8,0.3,0.37,0.5700000000000001,differential,315.10776
report_hypothetical,0.6,0.8,0.6,0.37,0.37,equal,335.2511999999999
report_hypothetical,0.6,0.8,0.6,0.37,0.5700000000000001,differential,169.1587199999999
report_hypothetical,0.6,0.8,1,0.37,0.37,equal,120.0
report_hypothetical,0.6,0.8,1,0.37,0.5700000000000001,differential,-25.4399999999996
report_hypothetical,0.6,0.8,0,0.38,0.38,equal,672.672
report_hypothetical,0.6,0.8,0,0.38,0.5800000000000001,differential,473.41920000000005
report_hypothetical,0.6,0.8,0.3,0.38,0.38,equal,506.8703999999999
report_hypothetical,0.6,0.8,0.3,0.38,0.5800000000000001,differential,323.7614399999999
report_hypothetical,0.6,0.8,0.6,0.38,0.38,equal,341.0688
report_hypothetical,0.6,0.8,0.6,0.38,0.5800000000000001,differential,174.10368000000017
report_hypothetical,0.6,0.8,1,0.38,0.38,equal,120.0
report_hypothetical,0.6,0.8,1,0.38,0.5800000000000001,differential,-25.440000000000055
report_hypothetical,0.6,0.8,0,0.39,0.39,equal,687.216
report_hypothetical,0.6,0.8,0,0.39,0.5900000000000001,differential,485.7816
report_hypothetical,0.6,0.8,0.3,0.39,0.39,equal,517.0511999999998
report_hypothetical,0.6,0.8,0.3,0.39,0.5900000000000001,differential,332.4151199999998
report_hypothetical,0.6,0.8,0.6,0.39,0.39,equal,346.88639999999987
report_hypothetical,0.6,0.8,0.6,0.39,0.5900000000000001,differential,179.04863999999975
report_hypothetical,0.6,0.8,1,0.39,0.39,equal,120.00000000000045
report_hypothetical,0.6,0.8,1,0.39,0.5900000000000001,differential,-25.4399999999996
report_hypothetical,0.6,0.8,0,0.4,0.4,equal,701.76
report_hypothetical,0.6,0.8,0,0.4,0.6000000000000001,differential,498.14399999999995
report_hypothetical,0.6,0.8,0.3,0.4,0.4,equal,527.2320000000001
report_hypothetical,0.6,0.8,0.3,0.4,0.6000000000000001,differential,341.0688
report_hypothetical,0.6,0.8,0.6,0.4,0.4,equal,352.70399999999995
report_hypothetical,0.6,0.8,0.6,0.4,0.6000000000000001,differential,183.99360000000001
report_hypothetical,0.6,0.8,1,0.4,0.4,equal,120.0
report_hypothetical,0.6,0.8,1,0.4,0.6000000000000001,differential,-25.4399999999996
report_hypothetical,0.6,0.8,0,0.41,0.41,equal,716.3040000000001
report_hypothetical,0.6,0.8,0,0.41,0.61,differential,510.50640000000016
report_hypothetical,0.6,0.8,0.3,0.41,0.41,equal,537.4128000000001
report_hypothetical,0.6,0.8,0.3,0.41,0.61,differential,349.72248000000013
report_hypothetical,0.6,0.8,0.6,0.41,0.41,equal,358.52160000000003
report_hypothetical,0.6,0.8,0.6,0.41,0.61,differential,188.93856000000005
report_hypothetical,0.6,0.8,1,0.41,0.41,equal,120.0
report_hypothetical,0.6,0.8,1,0.41,0.61,differential,-25.440000000000055
report_hypothetical,0.6,0.8,0,0.42,0.42,equal,730.848
report_hypothetical,0.6,0.8,0,0.42,0.62,differential,522.8688000000001
report_hypothetical,0.6,0.8,0.3,0.42,0.42,equal,547.5936
report_hypothetical,0.6,0.8,0.3,0.42,0.62,differential,358.37616
report_hypothetical,0.6,0.8,0.6,0.42,0.42,equal,364.3392000000001
report_hypothetical,0.6,0.8,0.6,0.42,0.62,differential,193.8835200000001
report_hypothetical,0.6,0.8,1,0.42,0.42,equal,120.0
report_hypothetical,0.6,0.8,1,0.42,0.62,differential,-25.440000000000055
report_hypothetical,0.6,0.8,0,0.43,0.43,equal,745.392
report_hypothetical,0.6,0.8,0,0.43,0.63,differential,535.2312000000002
report_hypothetical,0.6,0.8,0.3,0.43,0.43,equal,557.7744
report_hypothetical,0.6,0.8,0.3,0.43,0.63,differential,367.02984000000015
report_hypothetical,0.6,0.8,0.6,0.43,0.43,equal,370.15679999999975
report_hypothetical,0.6,0.8,0.6,0.43,0.63,differential,198.8284799999999
report_hypothetical,0.6,0.8,1,0.43,0.43,equal,120.0
report_hypothetical,0.6,0.8,1,0.43,0.63,differential,-25.440000000000055
report_hypothetical,0.6,0.8,0,0.44,0.44,equal,759.936
report_hypothetical,0.6,0.8,0,0.44,0.64,differential,547.5936
report_hypothetical,0.6,0.8,0.3,0.44,0.44,equal,567.9552
report_hypothetical,0.6,0.8,0.3,0.44,0.64,differential,375.68352000000004
report_hypothetical,0.6,0.8,0.6,0.44,0.44,equal,375.97440000000006
report_hypothetical,0.6,0.8,0.6,0.44,0.64,differential,203.77343999999994
report_hypothetical,0.6,0.8,1,0.44,0.44,equal,120.0
report_hypothetical,0.6,0.8,1,0.44,0.64,differential,-25.440000000000055
report_hypothetical,0.6,0.8,0,0.45,0.45,equal,774.48
report_hypothetical,0.6,0.8,0,0.45,0.65,differential,559.9559999999999
report_hypothetical,0.6,0.8,0.3,0.45,0.45,equal,578.1360000000001
report_hypothetical,0.6,0.8,0.3,0.45,0.65,differential,384.33719999999994
report_hypothetical,0.6,0.8,0.6,0.45,0.45,equal,381.79200000000014
report_hypothetical,0.6,0.8,0.6,0.45,0.65,differential,208.7184000000002
report_hypothetical,0.6,0.8,1,0.45,0.45,equal,120.0
report_hypothetical,0.6,0.8,1,0.45,0.65,differential,-25.440000000000055
report_hypothetical,0.6,0.8,0,0.46,0.46,equal,789.024
report_hypothetical,0.6,0.8,0,0.46,0.66,differential,572.3184000000001
report_hypothetical,0.6,0.8,0.3,0.46,0.46,equal,588.3168
report_hypothetical,0.6,0.8,0.3,0.46,0.66,differential,392.99087999999983
report_hypothetical,0.6,0.8,0.6,0.46,0.46,equal,387.60959999999955
report_hypothetical,0.6,0.8,0.6,0.46,0.66,differential,213.66335999999956
report_hypothetical,0.6,0.8,1,0.46,0.46,equal,120.00000000000045
report_hypothetical,0.6,0.8,1,0.46,0.66,differential,-25.4399999999996
report_hypothetical,0.6,0.8,0,0.47,0.47,equal,803.568
report_hypothetical,0.6,0.8,0,0.47,0.6699999999999999,differential,584.6808000000001
report_hypothetical,0.6,0.8,0.3,0.47,0.47,equal,598.4975999999999
report_hypothetical,0.6,0.8,0.3,0.47,0.6699999999999999,differential,401.6445600000002
report_hypothetical,0.6,0.8,0.6,0.47,0.47,equal,393.42719999999986
report_hypothetical,0.6,0.8,0.6,0.47,0.6699999999999999,differential,218.60831999999982
report_hypothetical,0.6,0.8,1,0.47,0.47,equal,120.0
report_hypothetical,0.6,0.8,1,0.47,0.6699999999999999,differential,-25.4399999999996
report_hypothetical,0.6,0.8,0,0.48,0.48,equal,818.112
report_hypothetical,0.6,0.8,0,0.48,0.6799999999999999,differential,597.0432000000001
report_hypothetical,0.6,0.8,0.3,0.48,0.48,equal,608.6784
report_hypothetical,0.6,0.8,0.3,0.48,0.6799999999999999,differential,410.2982400000001
report_hypothetical,0.6,0.8,0.6,0.48,0.48,equal,399.24479999999994
report_hypothetical,0.6,0.8,0.6,0.48,0.6799999999999999,differential,223.5532800000001
report_hypothetical,0.6,0.8,1,0.48,0.48,equal,120.0
report_hypothetical,0.6,0.8,1,0.48,0.6799999999999999,differential,-25.4399999999996
report_hypothetical,0.6,0.8,0,0.49,0.49,equal,832.656
report_hypothetical,0.6,0.8,0,0.49,0.69,differential,609.4056
report_hypothetical,0.6,0.8,0.3,0.49,0.49,equal,618.8591999999999
report_hypothetical,0.6,0.8,0.3,0.49,0.69,differential,418.95192
report_hypothetical,0.6,0.8,0.6,0.49,0.49,equal,405.0623999999998
report_hypothetical,0.6,0.8,0.6,0.49,0.69,differential,228.4982399999999
report_hypothetical,0.6,0.8,1,0.49,0.49,equal,119.99999999999955
report_hypothetical,0.6,0.8,1,0.49,0.69,differential,-25.44000000000051
report_hypothetical,0.6,0.8,0,0.5,0.5,equal,847.2
report_hypothetical,0.6,0.8,0,0.5,0.7,differential,621.7680000000003
report_hypothetical,0.6,0.8,0.3,0.5,0.5,equal,629.04
report_hypothetical,0.6,0.8,0.3,0.5,0.7,differential,427.6056000000001
report_hypothetical,0.6,0.8,0.6,0.5,0.5,equal,410.8799999999999
report_hypothetical,0.6,0.8,0.6,0.5,0.7,differential,233.4431999999997
report_hypothetical,0.6,0.8,1,0.5,0.5,equal,120.0
report_hypothetical,0.6,0.8,1,0.5,0.7,differential,-25.440000000000055
report_hypothetical,0.6,0.8,0,0.51,0.51,equal,861.7439999999999
report_hypothetical,0.6,0.8,0,0.51,0.71,differential,634.1304
report_hypothetical,0.6,0.8,0.3,0.51,0.51,equal,639.2208
report_hypothetical,0.6,0.8,0.3,0.51,0.71,differential,436.25928
report_hypothetical,0.6,0.8,0.6,0.51,0.51,equal,416.69759999999997
report_hypothetical,0.6,0.8,0.6,0.51,0.71,differential,238.38815999999997
report_hypothetical,0.6,0.8,1,0.51,0.51,equal,120.0
report_hypothetical,0.6,0.8,1,0.51,0.71,differential,-25.440000000000055
report_hypothetical,0.6,0.8,0,0.52,0.52,equal,876.2880000000002
report_hypothetical,0.6,0.8,0,0.52,0.72,differential,646.4928000000002
report_hypothetical,0.6,0.8,0.3,0.52,0.52,equal,649.4016000000001
report_hypothetical,0.6,0.8,0.3,0.52,0.72,differential,444.9129600000001
report_hypothetical,0.6,0.8,0.6,0.52,0.52,equal,422.5151999999998
report_hypothetical,0.6,0.8,0.6,0.52,0.72,differential,243.33312000000024
report_hypothetical,0.6,0.8,1,0.52,0.52,equal,120.00000000000045
report_hypothetical,0.6,0.8,1,0.52,0.72,differential,-25.4399999999996
report_hypothetical,0.6,0.8,0,0.53,0.53,equal,890.832
report_hypothetical,0.6,0.8,0,0.53,0.73,differential,658.8552000000001
report_hypothetical,0.6,0.8,0.3,0.53,0.53,equal,659.5824
report_hypothetical,0.6,0.8,0.3,0.53,0.73,differential,453.56664
report_hypothetical,0.6,0.8,0.6,0.53,0.53,equal,428.3327999999999
report_hypothetical,0.6,0.8,0.6,0.53,0.73,differential,248.27808000000005
report_hypothetical,0.6,0.8,1,0.53,0.53,equal,120.00000000000045
report_hypothetical,0.6,0.8,1,0.53,0.73,differential,-25.4399999999996
report_hypothetical,0.6,0.8,0,0.54,0.54,equal,905.3760000000001
report_hypothetical,0.6,0.8,0,0.54,0.74,differential,671.2176000000002
report_hypothetical,0.6,0.8,0.3,0.54,0.54,equal,669.7631999999999
report_hypothetical,0.6,0.8,0.3,0.54,0.74,differential,462.2203199999999
report_hypothetical,0.6,0.8,0.6,0.54,0.54,equal,434.1504
report_hypothetical,0.6,0.8,0.6,0.54,0.74,differential,253.2230400000003
report_hypothetical,0.6,0.8,1,0.54,0.54,equal,120.00000000000045
report_hypothetical,0.6,0.8,1,0.54,0.74,differential,-25.4399999999996
report_hypothetical,0.6,0.8,0,0.55,0.55,equal,919.9200000000001
report_hypothetical,0.6,0.8,0,0.55,0.75,differential,683.5800000000002
report_hypothetical,0.6,0.8,0.3,0.55,0.55,equal,679.944
report_hypothetical,0.6,0.8,0.3,0.55,0.75,differential,470.874
report_hypothetical,0.6,0.8,0.6,0.55,0.55,equal,439.96799999999985
report_hypothetical,0.6,0.8,0.6,0.55,0.75,differential,258.1680000000001
report_hypothetical,0.6,0.8,1,0.55,0.55,equal,120.0
report_hypothetical,0.6,0.8,1,0.55,0.75,differential,-25.440000000000055
report_hypothetical,0.6,0.8,0,0.56,0.56,equal,934.4640000000002
report_hypothetical,0.6,0.8,0,0.56,0.76,differential,695.9424000000002
report_hypothetical,0.6,0.8,0.3,0.56,0.56,equal,690.1248
report_hypothetical,0.6,0.8,0.3,0.56,0.76,differential,479.52768000000015
report_hypothetical,0.6,0.8,0.6,0.56,0.56,equal,445.78560000000016
report_hypothetical,0.6,0.8,0.6,0.56,0.76,differential,263.11295999999993
report_hypothetical,0.6,0.8,1,0.56,0.56,equal,120.0
report_hypothetical,0.6,0.8,1,0.56,0.76,differential,-25.440000000000055
report_hypothetical,0.6,0.8,0,0.57,0.57,equal,949.008
report_hypothetical,0.6,0.8,0,0.57,0.77,differential,708.3048000000001
report_hypothetical,0.6,0.8,0.3,0.57,0.57,equal,700.3055999999999
report_hypothetical,0.6,0.8,0.3,0.57,0.77,differential,488.1813599999998
report_hypothetical,0.6,0.8,0.6,0.57,0.57,equal,451.6032
report_hypothetical,0.6,0.8,0.6,0.57,0.77,differential,268.05791999999974
report_hypothetical,0.6,0.8,1,0.57,0.57,equal,120.0
report_hypothetical,0.6,0.8,1,0.57,0.77,differential,-25.440000000000055
report_hypothetical,0.6,0.8,0,0.58,0.58,equal,963.5519999999999
report_hypothetical,0.6,0.8,0,0.58,0.78,differential,720.6671999999999
report_hypothetical,0.6,0.8,0.3,0.58,0.58,equal,710.4863999999998
report_hypothetical,0.6,0.8,0.3,0.58,0.78,differential,496.83503999999994
report_hypothetical,0.6,0.8,0.6,0.58,0.58,equal,457.4207999999994
report_hypothetical,0.6,0.8,0.6,0.58,0.78,differential,273.00287999999955
report_hypothetical,0.6,0.8,1,0.58,0.58,equal,120.0
report_hypothetical,0.6,0.8,1,0.58,0.78,differential,-25.440000000000055
report_hypothetical,0.6,0.8,0,0.59,0.59,equal,978.096
report_hypothetical,0.6,0.8,0,0.59,0.79,differential,733.0296
report_hypothetical,0.6,0.8,0.3,0.59,0.59,equal,720.6671999999999
report_hypothetical,0.6,0.8,0.3,0.59,0.79,differential,505.48871999999983
report_hypothetical,0.6,0.8,0.6,0.59,0.59,equal,463.23839999999973
report_hypothetical,0.6,0.8,0.6,0.59,0.79,differential,277.9478399999998
report_hypothetical,0.6,0.8,1,0.59,0.59,equal,120.0
report_hypothetical,0.6,0.8,1,0.59,0.79,differential,-25.440000000000055
report_hypothetical,0.6,0.8,0,0.6,0.6,equal,992.64
report_hypothetical,0.6,0.8,0,0.6,0.8,differential,745.392
report_hypothetical,0.6,0.8,0.3,0.6,0.6,equal,730.848
report_hypothetical,0.6,0.8,0.3,0.6,0.8,differential,514.1424
report_hypothetical,0.6,0.8,0.6,0.6,0.6,equal,469.05600000000004
report_hypothetical,0.6,0.8,0.6,0.6,0.8,differential,282.8928000000001
report_hypothetical,0.6,0.8,1,0.6,0.6,equal,120.00000000000045
report_hypothetical,0.6,0.8,1,0.6,0.8,differential,-25.4399999999996
report_hypothetical,0.6,0.8,0,0.61,0.61,equal,1007.1840000000001
report_hypothetical,0.6,0.8,0,0.61,0.81,differential,757.7544
report_hypothetical,0.6,0.8,0.3,0.61,0.61,equal,741.0288
report_hypothetical,0.6,0.8,0.3,0.61,0.81,differential,522.7960800000001
report_hypothetical,0.6,0.8,0.6,0.61,0.61,equal,474.87359999999944
report_hypothetical,0.6,0.8,0.6,0.61,0.81,differential,287.83775999999943
report_hypothetical,0.6,0.8,1,0.61,0.61,equal,120.00000000000091
report_hypothetical,0.6,0.8,1,0.61,0.81,differential,-25.4399999999996
report_hypothetical,0.6,0.8,0,0.62,0.62,equal,1021.728
report_hypothetical,0.6,0.8,0,0.62,0.8200000000000001,differential,770.1167999999999
report_hypothetical,0.6,0.8,0.3,0.62,0.62,equal,751.2096000000001
report_hypothetical,0.6,0.8,0.3,0.62,0.8200000000000001,differential,531.44976
report_hypothetical,0.6,0.8,0.6,0.62,0.62,equal,480.69119999999975
report_hypothetical,0.6,0.8,0.6,0.62,0.8200000000000001,differential,292.7827199999997
report_hypothetical,0.6,0.8,1,0.62,0.62,equal,120.0
report_hypothetical,0.6,0.8,1,0.62,0.8200000000000001,differential,-25.440000000000055
report_hypothetical,0.6,0.8,0,0.63,0.63,equal,1036.272
report_hypothetical,0.6,0.8,0,0.63,0.8300000000000001,differential,782.4791999999999
report_hypothetical,0.6,0.8,0.3,0.63,0.63,equal,761.3904
report_hypothetical,0.6,0.8,0.3,0.63,0.8300000000000001,differential,540.1034399999999
report_hypothetical,0.6,0.8,0.6,0.63,0.63,equal,486.5087999999996
report_hypothetical,0.6,0.8,0.6,0.63,0.8300000000000001,differential,297.72767999999996
report_hypothetical,0.6,0.8,1,0.63,0.63,equal,120.0
report_hypothetical,0.6,0.8,1,0.63,0.8300000000000001,differential,-25.440000000000055
report_hypothetical,0.6,0.8,0,0.64,0.64,equal,1050.8159999999998
report_hypothetical,0.6,0.8,0,0.64,0.8400000000000001,differential,794.8415999999997
report_hypothetical,0.6,0.8,0.3,0.64,0.64,equal,771.5711999999999
report_hypothetical,0.6,0.8,0.3,0.64,0.8400000000000001,differential,548.7571199999998
report_hypothetical,0.6,0.8,0.6,0.64,0.64,equal,492.32639999999947
report_hypothetical,0.6,0.8,0.6,0.64,0.8400000000000001,differential,302.6726399999993
report_hypothetical,0.6,0.8,1,0.64,0.64,equal,119.99999999999955
report_hypothetical,0.6,0.8,1,0.64,0.8400000000000001,differential,-25.44000000000051
report_hypothetical,0.6,0.8,0,0.65,0.65,equal,1065.3600000000001
report_hypothetical,0.6,0.8,0,0.65,0.8500000000000001,differential,807.2040000000001
report_hypothetical,0.6,0.8,0.3,0.65,0.65,equal,781.752
report_hypothetical,0.6,0.8,0.3,0.65,0.8500000000000001,differential,557.4107999999999
report_hypothetical,0.6,0.8,0.6,0.65,0.65,equal,498.14400000000023
report_hypothetical,0.6,0.8,0.6,0.65,0.8500000000000001,differential,307.61760000000004
report_hypothetical,0.6,0.8,1,0.65,0.65,equal,120.0
report_hypothetical,0.6,0.8,1,0.65,0.8500000000000001,differential,-25.44000000000051
report_hypothetical,0.6,0.8,0,0.66,0.66,equal,1079.9040000000002
report_hypothetical,0.6,0.8,0,0.66,0.8600000000000001,differential,819.5664000000002
report_hypothetical,0.6,0.8,0.3,0.66,0.66,equal,791.9328000000003
report_hypothetical,0.6,0.8,0.3,0.66,0.8600000000000001,differential,566.0644800000002
report_hypothetical,0.6,0.8,0.6,0.66,0.66,equal,503.96159999999963
report_hypothetical,0.6,0.8,0.6,0.66,0.8600000000000001,differential,312.56255999999985
report_hypothetical,0.6,0.8,1,0.66,0.66,equal,120.00000000000045
report_hypothetical,0.6,0.8,1,0.66,0.8600000000000001,differential,-25.4399999999996
report_hypothetical,0.6,0.8,0,0.67,0.67,equal,1094.4480000000003
report_hypothetical,0.6,0.8,0,0.67,0.8700000000000001,differential,831.9288000000001
report_hypothetical,0.6,0.8,0.3,0.67,0.67,equal,802.1136000000001
report_hypothetical,0.6,0.8,0.3,0.67,0.8700000000000001,differential,574.7181600000001
report_hypothetical,0.6,0.8,0.6,0.67,0.67,equal,509.77919999999995
report_hypothetical,0.6,0.8,0.6,0.67,0.8700000000000001,differential,317.5075200000001
report_hypothetical,0.6,0.8,1,0.67,0.67,equal,120.00000000000091
report_hypothetical,0.6,0.8,1,0.67,0.8700000000000001,differential,-25.4399999999996
report_hypothetical,0.6,0.8,0,0.68,0.68,equal,1108.9920000000002
report_hypothetical,0.6,0.8,0,0.68,0.8800000000000001,differential,844.2912000000001
report_hypothetical,0.6,0.8,0.3,0.68,0.68,equal,812.2944000000002
report_hypothetical,0.6,0.8,0.3,0.68,0.8800000000000001,differential,583.3718400000002
report_hypothetical,0.6,0.8,0.6,0.68,0.68,equal,515.5968000000003
report_hypothetical,0.6,0.8,0.6,0.68,0.8800000000000001,differential,322.4524799999999
report_hypothetical,0.6,0.8,1,0.68,0.68,equal,120.0
report_hypothetical,0.6,0.8,1,0.68,0.8800000000000001,differential,-25.4399999999996
report_hypothetical,0.6,0.8,0,0.69,0.69,equal,1123.536
report_hypothetical,0.6,0.8,0,0.69,0.8899999999999999,differential,856.6536000000001
report_hypothetical,0.6,0.8,0.3,0.69,0.69,equal,822.4751999999999
report_hypothetical,0.6,0.8,0.3,0.69,0.8899999999999999,differential,592.0255199999999
report_hypothetical,0.6,0.8,0.6,0.69,0.69,equal,521.4144000000001
report_hypothetical,0.6,0.8,0.6,0.69,0.8899999999999999,differential,327.3974400000002
report_hypothetical,0.6,0.8,1,0.69,0.69,equal,120.0
report_hypothetical,0.6,0.8,1,0.69,0.8899999999999999,differential,-25.4399999999996
report_hypothetical,0.6,0.8,0,0.7,0.7,equal,1138.08
report_hypothetical,0.6,0.8,0,0.7,0.8999999999999999,differential,869.0160000000001
report_hypothetical,0.6,0.8,0.3,0.7,0.7,equal,832.656
report_hypothetical,0.6,0.8,0.3,0.7,0.8999999999999999,differential,600.6792
report_hypothetical,0.6,0.8,0.6,0.7,0.7,equal,527.2319999999995
report_hypothetical,0.6,0.8,0.6,0.7,0.8999999999999999,differential,332.34239999999954
report_hypothetical,0.6,0.8,1,0.7,0.7,equal,120.0
report_hypothetical,0.6,0.8,1,0.7,0.8999999999999999,differential,-25.4399999999996
report_hypothetical,0.6,0.8,0,0.71,0.71,equal,1152.6239999999998
report_hypothetical,0.6,0.8,0,0.71,0.9099999999999999,differential,881.3783999999998
report_hypothetical,0.6,0.8,0.3,0.71,0.71,equal,842.8367999999998
report_hypothetical,0.6,0.8,0.3,0.71,0.9099999999999999,differential,609.3328799999999
report_hypothetical,0.6,0.8,0.6,0.71,0.71,equal,533.0495999999998
report_hypothetical,0.6,0.8,0.6,0.71,0.9099999999999999,differential,337.2873599999998
report_hypothetical,0.6,0.8,1,0.71,0.71,equal,120.0
report_hypothetical,0.6,0.8,1,0.71,0.9099999999999999,differential,-25.4399999999996
report_hypothetical,0.6,0.8,0,0.72,0.72,equal,1167.168
report_hypothetical,0.6,0.8,0,0.72,0.9199999999999999,differential,893.7407999999999
report_hypothetical,0.6,0.8,0.3,0.72,0.72,equal,853.0176000000001
report_hypothetical,0.6,0.8,0.3,0.72,0.9199999999999999,differential,617.98656
report_hypothetical,0.6,0.8,0.6,0.72,0.72,equal,538.8672000000001
report_hypothetical,0.6,0.8,0.6,0.72,0.9199999999999999,differential,342.2323200000001
report_hypothetical,0.6,0.8,1,0.72,0.72,equal,120.0
report_hypothetical,0.6,0.8,1,0.72,0.9199999999999999,differential,-25.4399999999996
report_hypothetical,0.6,0.8,0,0.73,0.73,equal,1181.7120000000002
report_hypothetical,0.6,0.8,0,0.73,0.9299999999999999,differential,906.1032000000002
report_hypothetical,0.6,0.8,0.3,0.73,0.73,equal,863.1983999999998
report_hypothetical,0.6,0.8,0.3,0.73,0.9299999999999999,differential,626.64024
report_hypothetical,0.6,0.8,0.6,0.73,0.73,equal,544.6847999999995
report_hypothetical,0.6,0.8,0.6,0.73,0.9299999999999999,differential,347.1772799999999
report_hypothetical,0.6,0.8,1,0.73,0.73,equal,120.0
report_hypothetical,0.6,0.8,1,0.73,0.9299999999999999,differential,-25.4399999999996
report_hypothetical,0.6,0.8,0,0.74,0.74,equal,1196.256
report_hypothetical,0.6,0.8,0,0.74,0.94,differential,918.4656000000001
report_hypothetical,0.6,0.8,0.3,0.74,0.74,equal,873.3792000000001
report_hypothetical,0.6,0.8,0.3,0.74,0.94,differential,635.2939200000001
report_hypothetical,0.6,0.8,0.6,0.74,0.74,equal,550.5023999999999
report_hypothetical,0.6,0.8,0.6,0.74,0.94,differential,352.12224000000015
report_hypothetical,0.6,0.8,1,0.74,0.74,equal,120.0
report_hypothetical,0.6,0.8,1,0.74,0.94,differential,-25.4399999999996
report_hypothetical,0.6,0.8,0,0.75,0.75,equal,1210.8000000000002
report_hypothetical,0.6,0.8,0,0.75,0.95,differential,930.8280000000001
report_hypothetical,0.6,0.8,0.3,0.75,0.75,equal,883.56
report_hypothetical,0.6,0.8,0.3,0.75,0.95,differential,643.9476
report_hypothetical,0.6,0.8,0.6,0.75,0.75,equal,556.3200000000002
report_hypothetical,0.6,0.8,0.6,0.75,0.95,differential,357.06719999999996
report_hypothetical,0.6,0.8,1,0.75,0.75,equal,120.0
report_hypothetical,0.6,0.8,1,0.75,0.95,differential,-25.4399999999996
report_hypothetical,0.6,0.8,0,0.76,0.76,equal,1225.344
report_hypothetical,0.6,0.8,0,0.76,0.96,differential,943.1904000000002
report_hypothetical,0.6,0.8,0.3,0.76,0.76,equal,893.7407999999998
report_hypothetical,0.6,0.8,0.3,0.76,0.96,differential,652.6012799999999
report_hypothetical,0.6,0.8,0.6,0.76,0.76,equal,562.1376
report_hypothetical,0.6,0.8,0.6,0.76,0.96,differential,362.0121600000002
report_hypothetical,0.6,0.8,1,0.76,0.76,equal,120.0
report_hypothetical,0.6,0.8,1,0.76,0.96,differential,-25.4399999999996
report_hypothetical,0.6,0.8,0,0.77,0.77,equal,1239.888
report_hypothetical,0.6,0.8,0,0.77,0.97,differential,955.5528
report_hypothetical,0.6,0.8,0.3,0.77,0.77,equal,903.9215999999999
report_hypothetical,0.6,0.8,0.3,0.77,0.97,differential,661.2549599999998
report_hypothetical,0.6,0.8,0.6,0.77,0.77,equal,567.9551999999999
report_hypothetical,0.6,0.8,0.6,0.77,0.97,differential,366.95712000000003
report_hypothetical,0.6,0.8,1,0.77,0.77,equal,120.0
report_hypothetical,0.6,0.8,1,0.77,0.97,differential,-25.44000000000051
report_hypothetical,0.6,0.8,0,0.78,0.78,equal,1254.432
report_hypothetical,0.6,0.8,0,0.78,0.98,differential,967.9152000000001
report_hypothetical,0.6,0.8,0.3,0.78,0.78,equal,914.1023999999995
report_hypothetical,0.6,0.8,0.3,0.78,0.98,differential,669.9086399999997
report_hypothetical,0.6,0.8,0.6,0.78,0.78,equal,573.7727999999997
report_hypothetical,0.6,0.8,0.6,0.78,0.98,differential,371.90207999999984
report_hypothetical,0.6,0.8,1,0.78,0.78,equal,120.00000000000091
report_hypothetical,0.6,0.8,1,0.78,0.98,differential,-25.4399999999996
report_hypothetical,0.6,0.8,0,0.79,0.79,equal,1268.976
report_hypothetical,0.6,0.8,0,0.79,0.99,differential,980.2776000000001
report_hypothetical,0.6,0.8,0.3,0.79,0.79,equal,924.2832000000001
report_hypothetical,0.6,0.8,0.3,0.79,0.99,differential,678.56232
report_hypothetical,0.6,0.8,0.6,0.79,0.79,equal,579.5904
report_hypothetical,0.6,0.8,0.6,0.79,0.99,differential,376.8470400000001
report_hypothetical,0.6,0.8,1,0.79,0.79,equal,120.0
report_hypothetical,0.6,0.8,1,0.79,0.99,differential,-25.4399999999996
report_hypothetical,0.6,0.8,0,0.8,0.8,equal,1283.52
report_hypothetical,0.6,0.8,0,0.8,1,differential,992.64
report_hypothetical,0.6,0.8,0.3,0.8,0.8,equal,934.4639999999999
report_hypothetical,0.6,0.8,0.3,0.8,1,differential,687.2160000000001
report_hypothetical,0.6,0.8,0.6,0.8,0.8,equal,585.4079999999999
report_hypothetical,0.6,0.8,0.6,0.8,1,differential,381.7919999999999
report_hypothetical,0.6,0.8,1,0.8,0.8,equal,120.0
report_hypothetical,0.6,0.8,1,0.8,1,differential,-25.4399999999996
report_hypothetical,0.6,0.8,0,0.81,0.81,equal,1298.0640000000003
report_hypothetical,0.6,0.8,0,0.81,1,differential,1010.8200000000003
report_hypothetical,0.6,0.8,0.3,0.81,0.81,equal,944.6447999999998
report_hypothetical,0.6,0.8,0.3,0.81,1,differential,702.1235999999999
report_hypothetical,0.6,0.8,0.6,0.81,0.81,equal,591.2255999999998
report_hypothetical,0.6,0.8,0.6,0.81,1,differential,393.42719999999963
report_hypothetical,0.6,0.8,1,0.81,0.81,equal,120.0
report_hypothetical,0.6,0.8,1,0.81,1,differential,-18.167999999999665
report_hypothetical,0.6,0.8,0,0.82,0.82,equal,1312.6080000000002
report_hypothetical,0.6,0.8,0,0.82,1,differential,1029.0
report_hypothetical,0.6,0.8,0.3,0.82,0.82,equal,954.8256000000001
report_hypothetical,0.6,0.8,0.3,0.82,1,differential,717.0312000000001
report_hypothetical,0.6,0.8,0.6,0.82,0.82,equal,597.0432000000001
report_hypothetical,0.6,0.8,0.6,0.82,1,differential,405.0623999999998
report_hypothetical,0.6,0.8,1,0.82,0.82,equal,120.0
report_hypothetical,0.6,0.8,1,0.82,1,differential,-10.89599999999973
report_hypothetical,0.6,0.8,0,0.83,0.83,equal,1327.152
report_hypothetical,0.6,0.8,0,0.83,1,differential,1047.1800000000003
report_hypothetical,0.6,0.8,0.3,0.83,0.83,equal,965.0064000000002
report_hypothetical,0.6,0.8,0.3,0.83,1,differential,731.9388000000004
report_hypothetical,0.6,0.8,0.6,0.83,0.83,equal,602.8607999999999
report_hypothetical,0.6,0.8,0.6,0.83,1,differential,416.69759999999997
report_hypothetical,0.6,0.8,1,0.83,0.83,equal,120.0
report_hypothetical,0.6,0.8,1,0.83,1,differential,-3.6239999999997963
report_hypothetical,0.6,0.8,0,0.84,0.84,equal,1341.696
report_hypothetical,0.6,0.8,0,0.84,1,differential,1065.3600000000001
report_hypothetical,0.6,0.8,0.3,0.84,0.84,equal,975.1872000000001
report_hypothetical,0.6,0.8,0.3,0.84,1,differential,746.8464000000001
report_hypothetical,0.6,0.8,0.6,0.84,0.84,equal,608.6784000000002
report_hypothetical,0.6,0.8,0.6,0.84,1,differential,428.33280000000013
report_hypothetical,0.6,0.8,1,0.84,0.84,equal,120.0
report_hypothetical,0.6,0.8,1,0.84,1,differential,3.6480000000001382
report_hypothetical,0.6,0.8,0,0.85,0.85,equal,1356.24
report_hypothetical,0.6,0.8,0,0.85,1,differential,1083.54
report_hypothetical,0.6,0.8,0.3,0.85,0.85,equal,985.3680000000004
report_hypothetical,0.6,0.8,0.3,0.85,1,differential,761.7540000000004
report_hypothetical,0.6,0.8,0.6,0.85,0.85,equal,614.4959999999996
report_hypothetical,0.6,0.8,0.6,0.85,1,differential,439.96799999999985
report_hypothetical,0.6,0.8,1,0.85,0.85,equal,120.0
report_hypothetical,0.6,0.8,1,0.85,1,differential,10.920000000000073
report_hypothetical,0.6,0.8,0,0.86,0.86,equal,1370.784
report_hypothetical,0.6,0.8,0,0.86,1,differential,1101.7200000000003
report_hypothetical,0.6,0.8,0.3,0.86,0.86,equal,995.5488
report_hypothetical,0.6,0.8,0.3,0.86,1,differential,776.6616000000001
report_hypothetical,0.6,0.8,0.6,0.86,0.86,equal,620.3136
report_hypothetical,0.6,0.8,0.6,0.86,1,differential,451.6032
report_hypothetical,0.6,0.8,1,0.86,0.86,equal,120.0
report_hypothetical,0.6,0.8,1,0.86,1,differential,18.192000000000007
report_hypothetical,0.6,0.8,0,0.87,0.87,equal,1385.328
report_hypothetical,0.6,0.8,0,0.87,1,differential,1119.9
report_hypothetical,0.6,0.8,0.3,0.87,0.87,equal,1005.7295999999999
report_hypothetical,0.6,0.8,0.3,0.87,1,differential,791.5691999999999
report_hypothetical,0.6,0.8,0.6,0.87,0.87,equal,626.1312000000003
report_hypothetical,0.6,0.8,0.6,0.87,1,differential,463.2384000000002
report_hypothetical,0.6,0.8,1,0.87,0.87,equal,120.0
report_hypothetical,0.6,0.8,1,0.87,1,differential,25.463999999999942
report_hypothetical,0.6,0.8,0,0.88,0.88,equal,1399.872
report_hypothetical,0.6,0.8,0,0.88,1,differential,1138.08
report_hypothetical,0.6,0.8,0.3,0.88,0.88,equal,1015.9104
report_hypothetical,0.6,0.8,0.3,0.88,1,differential,806.4768000000004
report_hypothetical,0.6,0.8,0.6,0.88,0.88,equal,631.9488000000001
report_hypothetical,0.6,0.8,0.6,0.88,1,differential,474.8735999999999
report_hypothetical,0.6,0.8,1,0.88,0.88,equal,120.0
report_hypothetical,0.6,0.8,1,0.88,1,differential,32.735999999999876
report_hypothetical,0.6,0.8,0,0.89,0.89,equal,1414.416
report_hypothetical,0.6,0.8,0,0.89,1,differential,1156.2599999999998
report_hypothetical,0.6,0.8,0.3,0.89,0.89,equal,1026.0911999999996
report_hypothetical,0.6,0.8,0.3,0.89,1,differential,821.3843999999999
report_hypothetical,0.6,0.8,0.6,0.89,0.89,equal,637.7663999999995
report_hypothetical,0.6,0.8,0.6,0.89,1,differential,486.5087999999996
report_hypothetical,0.6,0.8,1,0.89,0.89,equal,120.0
report_hypothetical,0.6,0.8,1,0.89,1,differential,40.00799999999981
report_hypothetical,0.6,0.8,0,0.9,0.9,equal,1428.96
report_hypothetical,0.6,0.8,0,0.9,1,differential,1174.44
report_hypothetical,0.6,0.8,0.3,0.9,0.9,equal,1036.2720000000002
report_hypothetical,0.6,0.8,0.3,0.9,1,differential,836.2920000000004
report_hypothetical,0.6,0.8,0.6,0.9,0.9,equal,643.5840000000003
report_hypothetical,0.6,0.8,0.6,0.9,1,differential,498.14400000000023
report_hypothetical,0.6,0.8,1,0.9,0.9,equal,120.0
report_hypothetical,0.6,0.8,1,0.9,1,differential,47.279999999999745
report_hypothetical,0.6,0.8,0,0.91,0.91,equal,1443.5040000000001
report_hypothetical,0.6,0.8,0,0.91,1,differential,1192.6200000000003
report_hypothetical,0.6,0.8,0.3,0.91,0.91,equal,1046.4527999999998
report_hypothetical,0.6,0.8,0.3,0.91,1,differential,851.1995999999999
report_hypothetical,0.6,0.8,0.6,0.91,0.91,equal,649.4015999999992
report_hypothetical,0.6,0.8,0.6,0.91,1,differential,509.7791999999995
report_hypothetical,0.6,0.8,1,0.91,0.91,equal,120.00000000000091
report_hypothetical,0.6,0.8,1,0.91,1,differential,54.55200000000059
report_hypothetical,0.6,0.8,0,0.92,0.92,equal,1458.048
report_hypothetical,0.6,0.8,0,0.92,1,differential,1210.8000000000002
report_hypothetical,0.6,0.8,0.3,0.92,0.92,equal,1056.6336
report_hypothetical,0.6,0.8,0.3,0.92,1,differential,866.1071999999999
report_hypothetical,0.6,0.8,0.6,0.92,0.92,equal,655.2191999999991
report_hypothetical,0.6,0.8,0.6,0.92,1,differential,521.4143999999992
report_hypothetical,0.6,0.8,1,0.92,0.92,equal,120.00000000000091
report_hypothetical,0.6,0.8,1,0.92,1,differential,61.824000000000524
report_hypothetical,0.6,0.8,0,0.93,0.93,equal,1472.592
report_hypothetical,0.6,0.8,0,0.93,1,differential,1228.98
report_hypothetical,0.6,0.8,0.3,0.93,0.93,equal,1066.8143999999998
report_hypothetical,0.6,0.8,0.3,0.93,1,differential,881.0147999999999
report_hypothetical,0.6,0.8,0.6,0.93,0.93,equal,661.0367999999999
report_hypothetical,0.6,0.8,0.6,0.93,1,differential,533.0495999999998
report_hypothetical,0.6,0.8,1,0.93,0.93,equal,120.00000000000091
report_hypothetical,0.6,0.8,1,0.93,1,differential,69.09600000000046
report_hypothetical,0.6,0.8,0,0.94,0.94,equal,1487.136
report_hypothetical,0.6,0.8,0,0.94,1,differential,1247.1599999999999
report_hypothetical,0.6,0.8,0.3,0.94,0.94,equal,1076.9951999999998
report_hypothetical,0.6,0.8,0.3,0.94,1,differential,895.9223999999999
report_hypothetical,0.6,0.8,0.6,0.94,0.94,equal,666.8543999999997
report_hypothetical,0.6,0.8,0.6,0.94,1,differential,544.6847999999995
report_hypothetical,0.6,0.8,1,0.94,0.94,equal,120.0
report_hypothetical,0.6,0.8,1,0.94,1,differential,76.3680000000004
report_hypothetical,0.6,0.8,0,0.95,0.95,equal,1501.68
report_hypothetical,0.6,0.8,0,0.95,1,differential,1265.3400000000001
report_hypothetical,0.6,0.8,0.3,0.95,0.95,equal,1087.1759999999997
report_hypothetical,0.6,0.8,0.3,0.95,1,differential,910.8299999999999
report_hypothetical,0.6,0.8,0.6,0.95,0.95,equal,672.6719999999996
report_hypothetical,0.6,0.8,0.6,0.95,1,differential,556.3199999999997
report_hypothetical,0.6,0.8,1,0.95,0.95,equal,120.0
report_hypothetical,0.6,0.8,1,0.95,1,differential,83.64000000000033
report_hypothetical,0.6,0.8,0,0.96,0.96,equal,1516.224
report_hypothetical,0.6,0.8,0,0.96,1,differential,1283.52
report_hypothetical,0.6,0.8,0.3,0.96,0.96,equal,1097.3568
report_hypothetical,0.6,0.8,0.3,0.96,1,differential,925.7375999999999
report_hypothetical,0.6,0.8,0.6,0.96,0.96,equal,678.4895999999999
report_hypothetical,0.6,0.8,0.6,0.96,1,differential,567.9551999999999
report_hypothetical,0.6,0.8,1,0.96,0.96,equal,120.0
report_hypothetical,0.6,0.8,1,0.96,1,differential,90.91200000000026
report_hypothetical,0.6,0.8,0,0.97,0.97,equal,1530.768
report_hypothetical,0.6,0.8,0,0.97,1,differential,1301.6999999999998
report_hypothetical,0.6,0.8,0.3,0.97,0.97,equal,1107.5376
report_hypothetical,0.6,0.8,0.3,0.97,1,differential,940.6452000000004
report_hypothetical,0.6,0.8,0.6,0.97,0.97,equal,684.3072000000002
report_hypothetical,0.6,0.8,0.6,0.97,1,differential,579.5904
report_hypothetical,0.6,0.8,1,0.97,0.97,equal,120.0
report_hypothetical,0.6,0.8,1,0.97,1,differential,98.1840000000002
report_hypothetical,0.6,0.8,0,0.98,0.98,equal,1545.312
report_hypothetical,0.6,0.8,0,0.98,1,differential,1319.88
report_hypothetical,0.6,0.8,0.3,0.98,0.98,equal,1117.7183999999997
report_hypothetical,0.6,0.8,0.3,0.98,1,differential,955.5527999999999
report_hypothetical,0.6,0.8,0.6,0.98,0.98,equal,690.1247999999996
report_hypothetical,0.6,0.8,0.6,0.98,1,differential,591.2255999999998
report_hypothetical,0.6,0.8,1,0.98,0.98,equal,119.99999999999909
report_hypothetical,0.6,0.8,1,0.98,1,differential,105.45599999999922
report_hypothetical,0.6,0.8,0,0.99,0.99,equal,1559.8559999999998
report_hypothetical,0.6,0.8,0,0.99,1,differential,1338.06
report_hypothetical,0.6,0.8,0.3,0.99,0.99,equal,1127.8991999999998
report_hypothetical,0.6,0.8,0.3,0.99,1,differential,970.4603999999999
report_hypothetical,0.6,0.8,0.6,0.99,0.99,equal,695.9423999999995
report_hypothetical,0.6,0.8,0.6,0.99,1,differential,602.8607999999995
report_hypothetical,0.6,0.8,1,0.99,0.99,equal,120.0
report_hypothetical,0.6,0.8,1,0.99,1,differential,112.72800000000007
report_hypothetical,0.6,0.8,0,1.0,1.0,equal,1574.4
report_hypothetical,0.6,0.8,0,1.0,1,differential,1356.2400000000002
report_hypothetical,0.6,0.8,0.3,1.0,1.0,equal,1138.08
report_hypothetical,0.6,0.8,0.3,1.0,1,differential,985.3679999999999
report_hypothetical,0.6,0.8,0.6,1.0,1.0,equal,701.7599999999998
report_hypothetical,0.6,0.8,0.6,1.0,1,differential,614.4959999999996
report_hypothetical,0.6,0.8,1,1.0,1.0,equal,120.0
report_hypothetical,0.6,0.8,1,1.0,1,differential,120.0
suitability_full_bridge,0.21052631578947367,0.875,0,0.0,0.0,equal,46.05263157894736
suitability_full_bridge,0.21052631578947367,0.875,0,0.0,0.2,differential,20.536842105263155
suitability_full_bridge,0.21052631578947367,0.875,0.3,0.0,0.0,equal,46.05263157894737
suitability_full_bridge,0.21052631578947367,0.875,0.3,0.0,0.2,differential,18.623157894736842
suitability_full_bridge,0.21052631578947367,0.875,0.6,0.0,0.0,equal,46.05263157894736
suitability_full_bridge,0.21052631578947367,0.875,0.6,0.0,0.2,differential,16.709473684210522
suitability_full_bridge,0.21052631578947367,0.875,1,0.0,0.0,equal,46.05263157894736
suitability_full_bridge,0.21052631578947367,0.875,1,0.0,0.2,differential,14.157894736842103
suitability_full_bridge,0.21052631578947367,0.875,0,0.01,0.01,equal,51.63421052631578
suitability_full_bridge,0.21052631578947367,0.875,0,0.01,0.21000000000000002,differential,25.639999999999986
suitability_full_bridge,0.21052631578947367,0.875,0.3,0.01,0.01,equal,49.95973684210526
suitability_full_bridge,0.21052631578947367,0.875,0.3,0.01,0.21000000000000002,differential,22.19536842105262
suitability_full_bridge,0.21052631578947367,0.875,0.6,0.01,0.01,equal,48.28526315789475
suitability_full_bridge,0.21052631578947367,0.875,0.6,0.01,0.21000000000000002,differential,18.75073684210527
suitability_full_bridge,0.21052631578947367,0.875,1,0.01,0.01,equal,46.052631578947384
suitability_full_bridge,0.21052631578947367,0.875,1,0.01,0.21000000000000002,differential,14.15789473684211
suitability_full_bridge,0.21052631578947367,0.875,0,0.02,0.02,equal,57.21578947368421
suitability_full_bridge,0.21052631578947367,0.875,0,0.02,0.22,differential,30.74315789473684
suitability_full_bridge,0.21052631578947367,0.875,0.3,0.02,0.02,equal,53.86684210526317
suitability_full_bridge,0.21052631578947367,0.875,0.3,0.02,0.22,differential,25.76757894736842
suitability_full_bridge,0.21052631578947367,0.875,0.6,0.02,0.02,equal,50.51789473684211
suitability_full_bridge,0.21052631578947367,0.875,0.6,0.02,0.22,differential,20.792
suitability_full_bridge,0.21052631578947367,0.875,1,0.02,0.02,equal,46.05263157894737
suitability_full_bridge,0.21052631578947367,0.875,1,0.02,0.22,differential,14.15789473684211
suitability_full_bridge,0.21052631578947367,0.875,0,0.03,0.03,equal,62.797368421052624
suitability_full_bridge,0.21052631578947367,0.875,0,0.03,0.23,differential,35.84631578947367
suitability_full_bridge,0.21052631578947367,0.875,0.3,0.03,0.03,equal,57.77394736842104
suitability_full_bridge,0.21052631578947367,0.875,0.3,0.03,0.23,differential,29.339789473684192
suitability_full_bridge,0.21052631578947367,0.875,0.6,0.03,0.03,equal,52.75052631578947
suitability_full_bridge,0.21052631578947367,0.875,0.6,0.03,0.23,differential,22.83326315789472
suitability_full_bridge,0.21052631578947367,0.875,1,0.03,0.03,equal,46.05263157894734
suitability_full_bridge,0.21052631578947367,0.875,1,0.03,0.23,differential,14.157894736842081
suitability_full_bridge,0.21052631578947367,0.875,0,0.04,0.04,equal,68.37894736842104
suitability_full_bridge,0.21052631578947367,0.875,0,0.04,0.24000000000000002,differential,40.94947368421051
suitability_full_bridge,0.21052631578947367,0.875,0.3,0.04,0.04,equal,61.68105263157895
suitability_full_bridge,0.21052631578947367,0.875,0.3,0.04,0.24000000000000002,differential,32.91199999999999
suitability_full_bridge,0.21052631578947367,0.875,0.6,0.04,0.04,equal,54.98315789473682
suitability_full_bridge,0.21052631578947367,0.875,0.6,0.04,0.24000000000000002,differential,24.87452631578944
suitability_full_bridge,0.21052631578947367,0.875,1,0.04,0.04,equal,46.05263157894737
suitability_full_bridge,0.21052631578947367,0.875,1,0.04,0.24000000000000002,differential,14.157894736842081
suitability_full_bridge,0.21052631578947367,0.875,0,0.05,0.05,equal,73.96052631578948
suitability_full_bridge,0.21052631578947367,0.875,0,0.05,0.25,differential,46.05263157894737
suitability_full_bridge,0.21052631578947367,0.875,0.3,0.05,0.05,equal,65.58815789473685
suitability_full_bridge,0.21052631578947367,0.875,0.3,0.05,0.25,differential,36.48421052631579
suitability_full_bridge,0.21052631578947367,0.875,0.6,0.05,0.05,equal,57.2157894736842
suitability_full_bridge,0.21052631578947367,0.875,0.6,0.05,0.25,differential,26.915789473684185
suitability_full_bridge,0.21052631578947367,0.875,1,0.05,0.05,equal,46.0526315789474
suitability_full_bridge,0.21052631578947367,0.875,1,0.05,0.25,differential,14.157894736842081
suitability_full_bridge,0.21052631578947367,0.875,0,0.06,0.06,equal,79.54210526315788
suitability_full_bridge,0.21052631578947367,0.875,0,0.06,0.26,differential,51.1557894736842
suitability_full_bridge,0.21052631578947367,0.875,0.3,0.06,0.06,equal,69.49526315789473
suitability_full_bridge,0.21052631578947367,0.875,0.3,0.06,0.26,differential,40.05642105263158
suitability_full_bridge,0.21052631578947367,0.875,0.6,0.06,0.06,equal,59.448421052631545
suitability_full_bridge,0.21052631578947367,0.875,0.6,0.06,0.26,differential,28.957052631578904
suitability_full_bridge,0.21052631578947367,0.875,1,0.06,0.06,equal,46.052631578947285
suitability_full_bridge,0.21052631578947367,0.875,1,0.06,0.26,differential,14.157894736842024
suitability_full_bridge,0.21052631578947367,0.875,0,0.07,0.07,equal,85.12368421052632
suitability_full_bridge,0.21052631578947367,0.875,0,0.07,0.27,differential,56.25894736842105
suitability_full_bridge,0.21052631578947367,0.875,0.3,0.07,0.07,equal,73.40236842105261
suitability_full_bridge,0.21052631578947367,0.875,0.3,0.07,0.27,differential,43.62863157894736
suitability_full_bridge,0.21052631578947367,0.875,0.6,0.07,0.07,equal,61.68105263157889
suitability_full_bridge,0.21052631578947367,0.875,0.6,0.07,0.27,differential,30.99831578947368
suitability_full_bridge,0.21052631578947367,0.875,1,0.07,0.07,equal,46.0526315789474
suitability_full_bridge,0.21052631578947367,0.875,1,0.07,0.27,differential,14.157894736842138
suitability_full_bridge,0.21052631578947367,0.875,0,0.08,0.08,equal,90.70526315789472
suitability_full_bridge,0.21052631578947367,0.875,0,0.08,0.28,differential,61.36210526315787
suitability_full_bridge,0.21052631578947367,0.875,0.3,0.08,0.08,equal,77.3094736842105
suitability_full_bridge,0.21052631578947367,0.875,0.3,0.08,0.28,differential,47.20084210526312
suitability_full_bridge,0.21052631578947367,0.875,0.6,0.08,0.08,equal,63.9136842105263
suitability_full_bridge,0.21052631578947367,0.875,0.6,0.08,0.28,differential,33.0395789473684
suitability_full_bridge,0.21052631578947367,0.875,1,0.08,0.08,equal,46.05263157894734
suitability_full_bridge,0.21052631578947367,0.875,1,0.08,0.28,differential,14.157894736842081
suitability_full_bridge,0.21052631578947367,0.875,0,0.09,0.09,equal,96.28684210526316
suitability_full_bridge,0.21052631578947367,0.875,0,0.09,0.29000000000000004,differential,66.46526315789473
suitability_full_bridge,0.21052631578947367,0.875,0.3,0.09,0.09,equal,81.21657894736842
suitability_full_bridge,0.21052631578947367,0.875,0.3,0.09,0.29000000000000004,differential,50.773052631578935
suitability_full_bridge,0.21052631578947367,0.875,0.6,0.09,0.09,equal,66.14631578947365
suitability_full_bridge,0.21052631578947367,0.875,0.6,0.09,0.29000000000000004,differential,35.080842105263116
suitability_full_bridge,0.21052631578947367,0.875,1,0.09,0.09,equal,46.0526315789474
suitability_full_bridge,0.21052631578947367,0.875,1,0.09,0.29000000000000004,differential,14.157894736842081
suitability_full_bridge,0.21052631578947367,0.875,0,0.1,0.1,equal,101.86842105263158
suitability_full_bridge,0.21052631578947367,0.875,0,0.1,0.30000000000000004,differential,71.56842105263158
suitability_full_bridge,0.21052631578947367,0.875,0.3,0.1,0.1,equal,85.1236842105263
suitability_full_bridge,0.21052631578947367,0.875,0.3,0.1,0.30000000000000004,differential,54.34526315789472
suitability_full_bridge,0.21052631578947367,0.875,0.6,0.1,0.1,equal,68.37894736842105
suitability_full_bridge,0.21052631578947367,0.875,0.6,0.1,0.30000000000000004,differential,37.12210526315789
suitability_full_bridge,0.21052631578947367,0.875,1,0.1,0.1,equal,46.0526315789474
suitability_full_bridge,0.21052631578947367,0.875,1,0.1,0.30000000000000004,differential,14.157894736842081
suitability_full_bridge,0.21052631578947367,0.875,0,0.11,0.11,equal,107.44999999999999
suitability_full_bridge,0.21052631578947367,0.875,0,0.11,0.31,differential,76.6715789473684
suitability_full_bridge,0.21052631578947367,0.875,0.3,0.11,0.11,equal,89.03078947368425
suitability_full_bridge,0.21052631578947367,0.875,0.3,0.11,0.31,differential,57.91747368421056
suitability_full_bridge,0.21052631578947367,0.875,0.6,0.11,0.11,equal,70.61157894736846
suitability_full_bridge,0.21052631578947367,0.875,0.6,0.11,0.31,differential,39.16336842105267
suitability_full_bridge,0.21052631578947367,0.875,1,0.11,0.11,equal,46.052631578947285
suitability_full_bridge,0.21052631578947367,0.875,1,0.11,0.31,differential,14.157894736842081
suitability_full_bridge,0.21052631578947367,0.875,0,0.12,0.12,equal,113.0315789473684
suitability_full_bridge,0.21052631578947367,0.875,0,0.12,0.32,differential,81.77473684210524
suitability_full_bridge,0.21052631578947367,0.875,0.3,0.12,0.12,equal,92.93789473684208
suitability_full_bridge,0.21052631578947367,0.875,0.3,0.12,0.32,differential,61.48968421052626
suitability_full_bridge,0.21052631578947367,0.875,0.6,0.12,0.12,equal,72.84421052631569
suitability_full_bridge,0.21052631578947367,0.875,0.6,0.12,0.32,differential,41.20463157894727
suitability_full_bridge,0.21052631578947367,0.875,1,0.12,0.12,equal,46.052631578947285
suitability_full_bridge,0.21052631578947367,0.875,1,0.12,0.32,differential,14.157894736842081
suitability_full_bridge,0.21052631578947367,0.875,0,0.13,0.13,equal,118.61315789473684
suitability_full_bridge,0.21052631578947367,0.875,0,0.13,0.33,differential,86.87789473684211
suitability_full_bridge,0.21052631578947367,0.875,0.3,0.13,0.13,equal,96.845
suitability_full_bridge,0.21052631578947367,0.875,0.3,0.13,0.33,differential,65.06189473684213
suitability_full_bridge,0.21052631578947367,0.875,0.6,0.13,0.13,equal,75.07684210526321
suitability_full_bridge,0.21052631578947367,0.875,0.6,0.13,0.33,differential,43.24589473684216
suitability_full_bridge,0.21052631578947367,0.875,1,0.13,0.13,equal,46.052631578947285
suitability_full_bridge,0.21052631578947367,0.875,1,0.13,0.33,differential,14.157894736842081
suitability_full_bridge,0.21052631578947367,0.875,0,0.14,0.14,equal,124.19473684210527
suitability_full_bridge,0.21052631578947367,0.875,0,0.14,0.34,differential,91.98105263157896
suitability_full_bridge,0.21052631578947367,0.875,0.3,0.14,0.14,equal,100.75210526315789
suitability_full_bridge,0.21052631578947367,0.875,0.3,0.14,0.34,differential,68.63410526315789
suitability_full_bridge,0.21052631578947367,0.875,0.6,0.14,0.14,equal,77.3094736842105
suitability_full_bridge,0.21052631578947367,0.875,0.6,0.14,0.34,differential,45.28715789473688
suitability_full_bridge,0.21052631578947367,0.875,1,0.14,0.14,equal,46.0526315789474
suitability_full_bridge,0.21052631578947367,0.875,1,0.14,0.34,differential,14.157894736842195
suitability_full_bridge,0.21052631578947367,0.875,0,0.15,0.15,equal,129.77631578947367
suitability_full_bridge,0.21052631578947367,0.875,0,0.15,0.35,differential,97.08421052631579
suitability_full_bridge,0.21052631578947367,0.875,0.3,0.15,0.15,equal,104.6592105263158
suitability_full_bridge,0.21052631578947367,0.875,0.3,0.15,0.35,differential,72.2063157894737
suitability_full_bridge,0.21052631578947367,0.875,0.6,0.15,0.15,equal,79.54210526315785
suitability_full_bridge,0.21052631578947367,0.875,0.6,0.15,0.35,differential,47.3284210526316
suitability_full_bridge,0.21052631578947367,0.875,1,0.15,0.15,equal,46.0526315789474
suitability_full_bridge,0.21052631578947367,0.875,1,0.15,0.35,differential,14.157894736842195
suitability_full_bridge,0.21052631578947367,0.875,0,0.16,0.16,equal,135.3578947368421
suitability_full_bridge,0.21052631578947367,0.875,0,0.16,0.36,differential,102.18736842105261
suitability_full_bridge,0.21052631578947367,0.875,0.3,0.16,0.16,equal,108.56631578947366
suitability_full_bridge,0.21052631578947367,0.875,0.3,0.16,0.36,differential,75.77852631578946
suitability_full_bridge,0.21052631578947367,0.875,0.6,0.16,0.16,equal,81.7747368421052
suitability_full_bridge,0.21052631578947367,0.875,0.6,0.16,0.36,differential,49.369684210526316
suitability_full_bridge,0.21052631578947367,0.875,1,0.16,0.16,equal,46.0526315789474
suitability_full_bridge,0.21052631578947367,0.875,1,0.16,0.36,differential,14.157894736842081
suitability_full_bridge,0.21052631578947367,0.875,0,0.17,0.17,equal,140.93947368421053
suitability_full_bridge,0.21052631578947367,0.875,0,0.17,0.37,differential,107.29052631578949
suitability_full_bridge,0.21052631578947367,0.875,0.3,0.17,0.17,equal,112.47342105263158
suitability_full_bridge,0.21052631578947367,0.875,0.3,0.17,0.37,differential,79.35073684210528
suitability_full_bridge,0.21052631578947367,0.875,0.6,0.17,0.17,equal,84.00736842105266
suitability_full_bridge,0.21052631578947367,0.875,0.6,0.17,0.37,differential,51.41094736842115
suitability_full_bridge,0.21052631578947367,0.875,1,0.17,0.17,equal,46.05263157894751
suitability_full_bridge,0.21052631578947367,0.875,1,0.17,0.37,differential,14.157894736842309
suitability_full_bridge,0.21052631578947367,0.875,0,0.18,0.18,equal,146.52105263157893
suitability_full_bridge,0.21052631578947367,0.875,0,0.18,0.38,differential,112.39368421052629
suitability_full_bridge,0.21052631578947367,0.875,0.3,0.18,0.18,equal,116.38052631578944
suitability_full_bridge,0.21052631578947367,0.875,0.3,0.18,0.38,differential,82.92294736842098
suitability_full_bridge,0.21052631578947367,0.875,0.6,0.18,0.18,equal,86.2399999999999
suitability_full_bridge,0.21052631578947367,0.875,0.6,0.18,0.38,differential,53.45221052631564
suitability_full_bridge,0.21052631578947367,0.875,1,0.18,0.18,equal,46.05263157894751
suitability_full_bridge,0.21052631578947367,0.875,1,0.18,0.38,differential,14.157894736842309
suitability_full_bridge,0.21052631578947367,0.875,0,0.19,0.19,equal,152.10263157894738
suitability_full_bridge,0.21052631578947367,0.875,0,0.19,0.39,differential,117.49684210526317
suitability_full_bridge,0.21052631578947367,0.875,0.3,0.19,0.19,equal,120.28763157894741
suitability_full_bridge,0.21052631578947367,0.875,0.3,0.19,0.39,differential,86.49515789473685
suitability_full_bridge,0.21052631578947367,0.875,0.6,0.19,0.19,equal,88.47263157894736
suitability_full_bridge,0.21052631578947367,0.875,0.6,0.19,0.39,differential,55.49347368421047
suitability_full_bridge,0.21052631578947367,0.875,1,0.19,0.19,equal,46.052631578947285
suitability_full_bridge,0.21052631578947367,0.875,1,0.19,0.39,differential,14.157894736842081
suitability_full_bridge,0.21052631578947367,0.875,0,0.2,0.2,equal,157.68421052631578
suitability_full_bridge,0.21052631578947367,0.875,0,0.2,0.4,differential,122.59999999999997
suitability_full_bridge,0.21052631578947367,0.875,0.3,0.2,0.2,equal,124.19473684210527
suitability_full_bridge,0.21052631578947367,0.875,0.3,0.2,0.4,differential,90.0673684210526
suitability_full_bridge,0.21052631578947367,0.875,0.6,0.2,0.2,equal,90.7052631578947
suitability_full_bridge,0.21052631578947367,0.875,0.6,0.2,0.4,differential,57.53473684210519
suitability_full_bridge,0.21052631578947367,0.875,1,0.2,0.2,equal,46.052631578947285
suitability_full_bridge,0.21052631578947367,0.875,1,0.2,0.4,differential,14.157894736841854
suitability_full_bridge,0.21052631578947367,0.875,0,0.21,0.21,equal,163.26578947368418
suitability_full_bridge,0.21052631578947367,0.875,0,0.21,0.41000000000000003,differential,127.70315789473682
suitability_full_bridge,0.21052631578947367,0.875,0.3,0.21,0.21,equal,128.10184210526307
suitability_full_bridge,0.21052631578947367,0.875,0.3,0.21,0.41000000000000003,differential,93.63957894736836
suitability_full_bridge,0.21052631578947367,0.875,0.6,0.21,0.21,equal,92.93789473684217
suitability_full_bridge,0.21052631578947367,0.875,0.6,0.21,0.41000000000000003,differential,59.57600000000002
suitability_full_bridge,0.21052631578947367,0.875,1,0.21,0.21,equal,46.052631578947285
suitability_full_bridge,0.21052631578947367,0.875,1,0.21,0.41000000000000003,differential,14.157894736841854
suitability_full_bridge,0.21052631578947367,0.875,0,0.22,0.22,equal,168.84736842105264
suitability_full_bridge,0.21052631578947367,0.875,0,0.22,0.42000000000000004,differential,132.80631578947367
suitability_full_bridge,0.21052631578947367,0.875,0.3,0.22,0.22,equal,132.0089473684211
suitability_full_bridge,0.21052631578947367,0.875,0.3,0.22,0.42000000000000004,differential,97.21178947368423
suitability_full_bridge,0.21052631578947367,0.875,0.6,0.22,0.22,equal,95.17052631578963
suitability_full_bridge,0.21052631578947367,0.875,0.6,0.22,0.42000000000000004,differential,61.617263157894854
suitability_full_bridge,0.21052631578947367,0.875,1,0.22,0.22,equal,46.05263157894751
suitability_full_bridge,0.21052631578947367,0.875,1,0.22,0.42000000000000004,differential,14.157894736842081
suitability_full_bridge,0.21052631578947367,0.875,0,0.23,0.23,equal,174.42894736842103
suitability_full_bridge,0.21052631578947367,0.875,0,0.23,0.43000000000000005,differential,137.9094736842105
suitability_full_bridge,0.21052631578947367,0.875,0.3,0.23,0.23,equal,135.9160526315789
suitability_full_bridge,0.21052631578947367,0.875,0.3,0.23,0.43000000000000005,differential,100.78399999999993
suitability_full_bridge,0.21052631578947367,0.875,0.6,0.23,0.23,equal,97.40315789473675
suitability_full_bridge,0.21052631578947367,0.875,0.6,0.23,0.43000000000000005,differential,63.658526315789345
suitability_full_bridge,0.21052631578947367,0.875,1,0.23,0.23,equal,46.052631578947285
suitability_full_bridge,0.21052631578947367,0.875,1,0.23,0.43000000000000005,differential,14.157894736841854
suitability_full_bridge,0.21052631578947367,0.875,0,0.24,0.24,equal,180.01052631578946
suitability_full_bridge,0.21052631578947367,0.875,0,0.24,0.44,differential,143.01263157894732
suitability_full_bridge,0.21052631578947367,0.875,0.3,0.24,0.24,equal,139.82315789473677
suitability_full_bridge,0.21052631578947367,0.875,0.3,0.24,0.44,differential,104.35621052631569
suitability_full_bridge,0.21052631578947367,0.875,0.6,0.24,0.24,equal,99.63578947368421
suitability_full_bridge,0.21052631578947367,0.875,0.6,0.24,0.44,differential,65.69978947368418
suitability_full_bridge,0.21052631578947367,0.875,1,0.24,0.24,equal,46.05263157894706
suitability_full_bridge,0.21052631578947367,0.875,1,0.24,0.44,differential,14.157894736841854
suitability_full_bridge,0.21052631578947367,0.875,0,0.25,0.25,equal,185.59210526315786
suitability_full_bridge,0.21052631578947367,0.875,0,0.25,0.45,differential,148.11578947368417
suitability_full_bridge,0.21052631578947367,0.875,0.3,0.25,0.25,equal,143.73026315789474
suitability_full_bridge,0.21052631578947367,0.875,0.3,0.25,0.45,differential,107.92842105263156
suitability_full_bridge,0.21052631578947367,0.875,0.6,0.25,0.25,equal,101.86842105263145
suitability_full_bridge,0.21052631578947367,0.875,0.6,0.25,0.45,differential,67.7410526315789
suitability_full_bridge,0.21052631578947367,0.875,1,0.25,0.25,equal,46.05263157894706
suitability_full_bridge,0.21052631578947367,0.875,1,0.25,0.45,differential,14.157894736841854
suitability_full_bridge,0.21052631578947367,0.875,0,0.26,0.26,equal,191.17368421052635
suitability_full_bridge,0.21052631578947367,0.875,0,0.26,0.46,differential,153.21894736842108
suitability_full_bridge,0.21052631578947367,0.875,0.3,0.26,0.26,equal,147.6373684210526
suitability_full_bridge,0.21052631578947367,0.875,0.3,0.26,0.46,differential,111.50063157894738
suitability_full_bridge,0.21052631578947367,0.875,0.6,0.26,0.26,equal,104.10105263157891
suitability_full_bridge,0.21052631578947367,0.875,0.6,0.26,0.46,differential,69.78231578947373
suitability_full_bridge,0.21052631578947367,0.875,1,0.26,0.26,equal,46.052631578947285
suitability_full_bridge,0.21052631578947367,0.875,1,0.26,0.46,differential,14.157894736842081
suitability_full_bridge,0.21052631578947367,0.875,0,0.27,0.27,equal,196.75526315789472
suitability_full_bridge,0.21052631578947367,0.875,0,0.27,0.47000000000000003,differential,158.32210526315788
suitability_full_bridge,0.21052631578947367,0.875,0.3,0.27,0.27,equal,151.5444736842104
suitability_full_bridge,0.21052631578947367,0.875,0.3,0.27,0.47000000000000003,differential,115.07284210526302
suitability_full_bridge,0.21052631578947367,0.875,0.6,0.27,0.27,equal,106.33368421052614
suitability_full_bridge,0.21052631578947367,0.875,0.6,0.27,0.47000000000000003,differential,71.82357894736833
suitability_full_bridge,0.21052631578947367,0.875,1,0.27,0.27,equal,46.052631578947285
suitability_full_bridge,0.21052631578947367,0.875,1,0.27,0.47000000000000003,differential,14.157894736842081
suitability_full_bridge,0.21052631578947367,0.875,0,0.28,0.28,equal,202.33684210526314
suitability_full_bridge,0.21052631578947367,0.875,0,0.28,0.48000000000000004,differential,163.42526315789473
suitability_full_bridge,0.21052631578947367,0.875,0.3,0.28,0.28,equal,155.4515789473685
suitability_full_bridge,0.21052631578947367,0.875,0.3,0.28,0.48000000000000004,differential,118.645052631579
suitability_full_bridge,0.21052631578947367,0.875,0.6,0.28,0.28,equal,108.56631578947372
suitability_full_bridge,0.21052631578947367,0.875,0.6,0.28,0.48000000000000004,differential,73.86484210526305
suitability_full_bridge,0.21052631578947367,0.875,1,0.28,0.28,equal,46.05263157894751
suitability_full_bridge,0.21052631578947367,0.875,1,0.28,0.48000000000000004,differential,14.157894736842309
suitability_full_bridge,0.21052631578947367,0.875,0,0.29,0.29,equal,207.91842105263152
suitability_full_bridge,0.21052631578947367,0.875,0,0.29,0.49,differential,168.52842105263153
suitability_full_bridge,0.21052631578947367,0.875,0.3,0.29,0.29,equal,159.35868421052623
suitability_full_bridge,0.21052631578947367,0.875,0.3,0.29,0.49,differential,122.21726315789465
suitability_full_bridge,0.21052631578947367,0.875,0.6,0.29,0.29,equal,110.79894736842107
suitability_full_bridge,0.21052631578947367,0.875,0.6,0.29,0.49,differential,75.90610526315777
suitability_full_bridge,0.21052631578947367,0.875,1,0.29,0.29,equal,46.05263157894751
suitability_full_bridge,0.21052631578947367,0.875,1,0.29,0.49,differential,14.157894736842309
suitability_full_bridge,0.21052631578947367,0.875,0,0.3,0.3,equal,213.5
suitability_full_bridge,0.21052631578947367,0.875,0,0.3,0.5,differential,173.63157894736844
suitability_full_bridge,0.21052631578947367,0.875,0.3,0.3,0.3,equal,163.2657894736842
suitability_full_bridge,0.21052631578947367,0.875,0.3,0.3,0.5,differential,125.78947368421052
suitability_full_bridge,0.21052631578947367,0.875,0.6,0.3,0.3,equal,113.03157894736842
suitability_full_bridge,0.21052631578947367,0.875,0.6,0.3,0.5,differential,77.94736842105272
suitability_full_bridge,0.21052631578947367,0.875,1,0.3,0.3,equal,46.052631578947285
suitability_full_bridge,0.21052631578947367,0.875,1,0.3,0.5,differential,14.157894736842081
suitability_full_bridge,0.21052631578947367,0.875,0,0.31,0.31,equal,219.0815789473684
suitability_full_bridge,0.21052631578947367,0.875,0,0.31,0.51,differential,178.73473684210524
suitability_full_bridge,0.21052631578947367,0.875,0.3,0.31,0.31,equal,167.17289473684195
suitability_full_bridge,0.21052631578947367,0.875,0.3,0.31,0.51,differential,129.36168421052616
suitability_full_bridge,0.21052631578947367,0.875,0.6,0.31,0.31,equal,115.26421052631554
suitability_full_bridge,0.21052631578947367,0.875,0.6,0.31,0.51,differential,79.9886315789472
suitability_full_bridge,0.21052631578947367,0.875,1,0.31,0.31,equal,46.05263157894751
suitability_full_bridge,0.21052631578947367,0.875,1,0.31,0.51,differential,14.157894736842309
suitability_full_bridge,0.21052631578947367,0.875,0,0.32,0.32,equal,224.6631578947368
suitability_full_bridge,0.21052631578947367,0.875,0,0.32,0.52,differential,183.83789473684203
suitability_full_bridge,0.21052631578947367,0.875,0.3,0.32,0.32,equal,171.07999999999993
suitability_full_bridge,0.21052631578947367,0.875,0.3,0.32,0.52,differential,132.93389473684203
suitability_full_bridge,0.21052631578947367,0.875,0.6,0.32,0.32,equal,117.49684210526311
suitability_full_bridge,0.21052631578947367,0.875,0.6,0.32,0.52,differential,82.02989473684215
suitability_full_bridge,0.21052631578947367,0.875,1,0.32,0.32,equal,46.052631578947285
suitability_full_bridge,0.21052631578947367,0.875,1,0.32,0.52,differential,14.157894736842081
suitability_full_bridge,0.21052631578947367,0.875,0,0.33,0.33,equal,230.24473684210525
suitability_full_bridge,0.21052631578947367,0.875,0,0.33,0.53,differential,188.94105263157894
suitability_full_bridge,0.21052631578947367,0.875,0.3,0.33,0.33,equal,174.9871052631579
suitability_full_bridge,0.21052631578947367,0.875,0.3,0.33,0.53,differential,136.5061052631579
suitability_full_bridge,0.21052631578947367,0.875,0.6,0.33,0.33,equal,119.72947368421046
suitability_full_bridge,0.21052631578947367,0.875,0.6,0.33,0.53,differential,84.07115789473687
suitability_full_bridge,0.21052631578947367,0.875,1,0.33,0.33,equal,46.052631578947285
suitability_full_bridge,0.21052631578947367,0.875,1,0.33,0.53,differential,14.157894736842081
suitability_full_bridge,0.21052631578947367,0.875,0,0.34,0.34,equal,235.82631578947368
suitability_full_bridge,0.21052631578947367,0.875,0,0.34,0.54,differential,194.0442105263158
suitability_full_bridge,0.21052631578947367,0.875,0.3,0.34,0.34,equal,178.89421052631576
suitability_full_bridge,0.21052631578947367,0.875,0.3,0.34,0.54,differential,140.07831578947366
suitability_full_bridge,0.21052631578947367,0.875,0.6,0.34,0.34,equal,121.96210526315781
suitability_full_bridge,0.21052631578947367,0.875,0.6,0.34,0.54,differential,86.11242105263159
suitability_full_bridge,0.21052631578947367,0.875,1,0.34,0.34,equal,46.05263157894706
suitability_full_bridge,0.21052631578947367,0.875,1,0.34,0.54,differential,14.157894736842081
suitability_full_bridge,0.21052631578947367,0.875,0,0.35,0.35,equal,241.4078947368421
suitability_full_bridge,0.21052631578947367,0.875,0,0.35,0.55,differential,199.14736842105262
suitability_full_bridge,0.21052631578947367,0.875,0.3,0.35,0.35,equal,182.80131578947373
suitability_full_bridge,0.21052631578947367,0.875,0.3,0.35,0.55,differential,143.65052631578953
suitability_full_bridge,0.21052631578947367,0.875,0.6,0.35,0.35,equal,124.19473684210516
suitability_full_bridge,0.21052631578947367,0.875,0.6,0.35,0.55,differential,88.15368421052631
suitability_full_bridge,0.21052631578947367,0.875,1,0.35,0.35,equal,46.05263157894706
suitability_full_bridge,0.21052631578947367,0.875,1,0.35,0.55,differential,14.157894736842081
suitability_full_bridge,0.21052631578947367,0.875,0,0.36,0.36,equal,246.9894736842105
suitability_full_bridge,0.21052631578947367,0.875,0,0.36,0.56,differential,204.25052631578944
suitability_full_bridge,0.21052631578947367,0.875,0.3,0.36,0.36,equal,186.7084210526316
suitability_full_bridge,0.21052631578947367,0.875,0.3,0.36,0.56,differential,147.2227368421053
suitability_full_bridge,0.21052631578947367,0.875,0.6,0.36,0.36,equal,126.4273684210525
suitability_full_bridge,0.21052631578947367,0.875,0.6,0.36,0.56,differential,90.19494736842103
suitability_full_bridge,0.21052631578947367,0.875,1,0.36,0.36,equal,46.05263157894706
suitability_full_bridge,0.21052631578947367,0.875,1,0.36,0.56,differential,14.157894736842081
suitability_full_bridge,0.21052631578947367,0.875,0,0.37,0.37,equal,252.57105263157888
suitability_full_bridge,0.21052631578947367,0.875,0,0.37,0.5700000000000001,differential,209.35368421052624
suitability_full_bridge,0.21052631578947367,0.875,0.3,0.37,0.37,equal,190.61552631578945
suitability_full_bridge,0.21052631578947367,0.875,0.3,0.37,0.5700000000000001,differential,150.79494736842105
suitability_full_bridge,0.21052631578947367,0.875,0.6,0.37,0.37,equal,128.65999999999985
suitability_full_bridge,0.21052631578947367,0.875,0.6,0.37,0.5700000000000001,differential,92.23621052631574
suitability_full_bridge,0.21052631578947367,0.875,1,0.37,0.37,equal,46.05263157894706
suitability_full_bridge,0.21052631578947367,0.875,1,0.37,0.5700000000000001,differential,14.157894736842081
suitability_full_bridge,0.21052631578947367,0.875,0,0.38,0.38,equal,258.15263157894736
suitability_full_bridge,0.21052631578947367,0.875,0,0.38,0.5800000000000001,differential,214.45684210526315
suitability_full_bridge,0.21052631578947367,0.875,0.3,0.38,0.38,equal,194.52263157894743
suitability_full_bridge,0.21052631578947367,0.875,0.3,0.38,0.5800000000000001,differential,154.3671578947368
suitability_full_bridge,0.21052631578947367,0.875,0.6,0.38,0.38,equal,130.89263157894743
suitability_full_bridge,0.21052631578947367,0.875,0.6,0.38,0.5800000000000001,differential,94.27747368421069
suitability_full_bridge,0.21052631578947367,0.875,1,0.38,0.38,equal,46.05263157894706
suitability_full_bridge,0.21052631578947367,0.875,1,0.38,0.5800000000000001,differential,14.157894736842081
suitability_full_bridge,0.21052631578947367,0.875,0,0.39,0.39,equal,263.7342105263158
suitability_full_bridge,0.21052631578947367,0.875,0,0.39,0.5900000000000001,differential,219.56
suitability_full_bridge,0.21052631578947367,0.875,0.3,0.39,0.39,equal,198.4297368421054
suitability_full_bridge,0.21052631578947367,0.875,0.3,0.39,0.5900000000000001,differential,157.93936842105268
suitability_full_bridge,0.21052631578947367,0.875,0.6,0.39,0.39,equal,133.12526315789478
suitability_full_bridge,0.21052631578947367,0.875,0.6,0.39,0.5900000000000001,differential,96.31873684210518
suitability_full_bridge,0.21052631578947367,0.875,1,0.39,0.39,equal,46.05263157894706
suitability_full_bridge,0.21052631578947367,0.875,1,0.39,0.5900000000000001,differential,14.157894736842081
suitability_full_bridge,0.21052631578947367,0.875,0,0.4,0.4,equal,269.3157894736842
suitability_full_bridge,0.21052631578947367,0.875,0,0.4,0.6000000000000001,differential,224.66315789473683
suitability_full_bridge,0.21052631578947367,0.875,0.3,0.4,0.4,equal,202.33684210526314
suitability_full_bridge,0.21052631578947367,0.875,0.3,0.4,0.6000000000000001,differential,161.51157894736832
suitability_full_bridge,0.21052631578947367,0.875,0.6,0.4,0.4,equal,135.3578947368419
suitability_full_bridge,0.21052631578947367,0.875,0.6,0.4,0.6000000000000001,differential,98.35999999999967
suitability_full_bridge,0.21052631578947367,0.875,1,0.4,0.4,equal,46.05263157894706
suitability_full_bridge,0.21052631578947367,0.875,1,0.4,0.6000000000000001,differential,14.157894736842081
suitability_full_bridge,0.21052631578947367,0.875,0,0.41,0.41,equal,274.89736842105265
suitability_full_bridge,0.21052631578947367,0.875,0,0.41,0.61,differential,229.7663157894737
suitability_full_bridge,0.21052631578947367,0.875,0.3,0.41,0.41,equal,206.24394736842112
suitability_full_bridge,0.21052631578947367,0.875,0.3,0.41,0.61,differential,165.0837894736842
suitability_full_bridge,0.21052631578947367,0.875,0.6,0.41,0.41,equal,137.59052631578948
suitability_full_bridge,0.21052631578947367,0.875,0.6,0.41,0.61,differential,100.40126315789462
suitability_full_bridge,0.21052631578947367,0.875,1,0.41,0.41,equal,46.05263157894706
suitability_full_bridge,0.21052631578947367,0.875,1,0.41,0.61,differential,14.157894736842081
suitability_full_bridge,0.21052631578947367,0.875,0,0.42,0.42,equal,280.478947368421
suitability_full_bridge,0.21052631578947367,0.875,0,0.42,0.62,differential,234.86947368421048
suitability_full_bridge,0.21052631578947367,0.875,0.3,0.42,0.42,equal,210.15105263157886
suitability_full_bridge,0.21052631578947367,0.875,0.3,0.42,0.62,differential,168.65599999999995
suitability_full_bridge,0.21052631578947367,0.875,0.6,0.42,0.42,equal,139.82315789473682
suitability_full_bridge,0.21052631578947367,0.875,0.6,0.42,0.62,differential,102.44252631578934
suitability_full_bridge,0.21052631578947367,0.875,1,0.42,0.42,equal,46.05263157894706
suitability_full_bridge,0.21052631578947367,0.875,1,0.42,0.62,differential,14.157894736842081
suitability_full_bridge,0.21052631578947367,0.875,0,0.43,0.43,equal,286.06052631578945
suitability_full_bridge,0.21052631578947367,0.875,0,0.43,0.63,differential,239.97263157894736
suitability_full_bridge,0.21052631578947367,0.875,0.3,0.43,0.43,equal,214.05815789473695
suitability_full_bridge,0.21052631578947367,0.875,0.3,0.43,0.63,differential,172.22821052631593
suitability_full_bridge,0.21052631578947367,0.875,0.6,0.43,0.43,equal,142.0557894736844
suitability_full_bridge,0.21052631578947367,0.875,0.6,0.43,0.63,differential,104.48378947368428
suitability_full_bridge,0.21052631578947367,0.875,1,0.43,0.43,equal,46.05263157894706
suitability_full_bridge,0.21052631578947367,0.875,1,0.43,0.63,differential,14.157894736841627
suitability_full_bridge,0.21052631578947367,0.875,0,0.44,0.44,equal,291.6421052631579
suitability_full_bridge,0.21052631578947367,0.875,0,0.44,0.64,differential,245.0757894736842
suitability_full_bridge,0.21052631578947367,0.875,0.3,0.44,0.44,equal,217.9652631578947
suitability_full_bridge,0.21052631578947367,0.875,0.3,0.44,0.64,differential,175.80042105263158
suitability_full_bridge,0.21052631578947367,0.875,0.6,0.44,0.44,equal,144.28842105263175
suitability_full_bridge,0.21052631578947367,0.875,0.6,0.44,0.64,differential,106.525052631579
suitability_full_bridge,0.21052631578947367,0.875,1,0.44,0.44,equal,46.05263157894706
suitability_full_bridge,0.21052631578947367,0.875,1,0.44,0.64,differential,14.157894736842081
suitability_full_bridge,0.21052631578947367,0.875,0,0.45,0.45,equal,297.2236842105263
suitability_full_bridge,0.21052631578947367,0.875,0,0.45,0.65,differential,250.17894736842103
suitability_full_bridge,0.21052631578947367,0.875,0.3,0.45,0.45,equal,221.87236842105256
suitability_full_bridge,0.21052631578947367,0.875,0.3,0.45,0.65,differential,179.37263157894733
suitability_full_bridge,0.21052631578947367,0.875,0.6,0.45,0.45,equal,146.52105263157887
suitability_full_bridge,0.21052631578947367,0.875,0.6,0.45,0.65,differential,108.56631578947349
suitability_full_bridge,0.21052631578947367,0.875,1,0.45,0.45,equal,46.05263157894706
suitability_full_bridge,0.21052631578947367,0.875,1,0.45,0.65,differential,14.157894736841627
suitability_full_bridge,0.21052631578947367,0.875,0,0.46,0.46,equal,302.80526315789473
suitability_full_bridge,0.21052631578947367,0.875,0,0.46,0.66,differential,255.2821052631579
suitability_full_bridge,0.21052631578947367,0.875,0.3,0.46,0.46,equal,225.77947368421053
suitability_full_bridge,0.21052631578947367,0.875,0.3,0.46,0.66,differential,182.9448421052632
suitability_full_bridge,0.21052631578947367,0.875,0.6,0.46,0.46,equal,148.75368421052622
suitability_full_bridge,0.21052631578947367,0.875,0.6,0.46,0.66,differential,110.60757894736821
suitability_full_bridge,0.21052631578947367,0.875,1,0.46,0.46,equal,46.05263157894706
suitability_full_bridge,0.21052631578947367,0.875,1,0.46,0.66,differential,14.157894736841627
suitability_full_bridge,0.21052631578947367,0.875,0,0.47,0.47,equal,308.3868421052631
suitability_full_bridge,0.21052631578947367,0.875,0,0.47,0.6699999999999999,differential,260.38526315789466
suitability_full_bridge,0.21052631578947367,0.875,0.3,0.47,0.47,equal,229.68657894736828
suitability_full_bridge,0.21052631578947367,0.875,0.3,0.47,0.6699999999999999,differential,186.51705263157885
suitability_full_bridge,0.21052631578947367,0.875,0.6,0.47,0.47,equal,150.98631578947357
suitability_full_bridge,0.21052631578947367,0.875,0.6,0.47,0.6699999999999999,differential,112.64884210526293
suitability_full_bridge,0.21052631578947367,0.875,1,0.47,0.47,equal,46.05263157894706
suitability_full_bridge,0.21052631578947367,0.875,1,0.47,0.6699999999999999,differential,14.157894736841627
suitability_full_bridge,0.21052631578947367,0.875,0,0.48,0.48,equal,313.9684210526315
suitability_full_bridge,0.21052631578947367,0.875,0,0.48,0.6799999999999999,differential,265.48842105263157
suitability_full_bridge,0.21052631578947367,0.875,0.3,0.48,0.48,equal,233.59368421052625
suitability_full_bridge,0.21052631578947367,0.875,0.3,0.48,0.6799999999999999,differential,190.08926315789472
suitability_full_bridge,0.21052631578947367,0.875,0.6,0.48,0.48,equal,153.2189473684209
suitability_full_bridge,0.21052631578947367,0.875,0.6,0.48,0.6799999999999999,differential,114.69010526315765
suitability_full_bridge,0.21052631578947367,0.875,1,0.48,0.48,equal,46.05263157894706
suitability_full_bridge,0.21052631578947367,0.875,1,0.48,0.6799999999999999,differential,14.157894736841627
suitability_full_bridge,0.21052631578947367,0.875,0,0.49,0.49,equal,319.55
suitability_full_bridge,0.21052631578947367,0.875,0,0.49,0.69,differential,270.5915789473684
suitability_full_bridge,0.21052631578947367,0.875,0.3,0.49,0.49,equal,237.5007894736841
suitability_full_bridge,0.21052631578947367,0.875,0.3,0.49,0.69,differential,193.66147368421036
suitability_full_bridge,0.21052631578947367,0.875,0.6,0.49,0.49,equal,155.4515789473685
suitability_full_bridge,0.21052631578947367,0.875,0.6,0.49,0.69,differential,116.7313684210526
suitability_full_bridge,0.21052631578947367,0.875,1,0.49,0.49,equal,46.05263157894751
suitability_full_bridge,0.21052631578947367,0.875,1,0.49,0.69,differential,14.157894736842081
suitability_full_bridge,0.21052631578947367,0.875,0,0.5,0.5,equal,325.13157894736844
suitability_full_bridge,0.21052631578947367,0.875,0,0.5,0.7,differential,275.69473684210527
suitability_full_bridge,0.21052631578947367,0.875,0.3,0.5,0.5,equal,241.40789473684197
suitability_full_bridge,0.21052631578947367,0.875,0.3,0.5,0.7,differential,197.23368421052612
suitability_full_bridge,0.21052631578947367,0.875,0.6,0.5,0.5,equal,157.68421052631538
suitability_full_bridge,0.21052631578947367,0.875,0.6,0.5,0.7,differential,118.77263157894708
suitability_full_bridge,0.21052631578947367,0.875,1,0.5,0.5,equal,46.05263157894706
suitability_full_bridge,0.21052631578947367,0.875,1,0.5,0.7,differential,14.157894736841627
suitability_full_bridge,0.21052631578947367,0.875,0,0.51,0.51,equal,330.7131578947368
suitability_full_bridge,0.21052631578947367,0.875,0,0.51,0.71,differential,280.7978947368421
suitability_full_bridge,0.21052631578947367,0.875,0.3,0.51,0.51,equal,245.31499999999994
suitability_full_bridge,0.21052631578947367,0.875,0.3,0.51,0.71,differential,200.805894736842
suitability_full_bridge,0.21052631578947367,0.875,0.6,0.51,0.51,equal,159.91684210526296
suitability_full_bridge,0.21052631578947367,0.875,0.6,0.51,0.71,differential,120.81389473684203
suitability_full_bridge,0.21052631578947367,0.875,1,0.51,0.51,equal,46.05263157894706
suitability_full_bridge,0.21052631578947367,0.875,1,0.51,0.71,differential,14.157894736841627
suitability_full_bridge,0.21052631578947367,0.875,0,0.52,0.52,equal,336.29473684210524
suitability_full_bridge,0.21052631578947367,0.875,0,0.52,0.72,differential,285.9010526315789
suitability_full_bridge,0.21052631578947367,0.875,0.3,0.52,0.52,equal,249.22210526315803
suitability_full_bridge,0.21052631578947367,0.875,0.3,0.52,0.72,differential,204.37810526315798
suitability_full_bridge,0.21052631578947367,0.875,0.6,0.52,0.52,equal,162.14947368421053
suitability_full_bridge,0.21052631578947367,0.875,0.6,0.52,0.72,differential,122.85515789473698
suitability_full_bridge,0.21052631578947367,0.875,1,0.52,0.52,equal,46.05263157894751
suitability_full_bridge,0.21052631578947367,0.875,1,0.52,0.72,differential,14.157894736842081
suitability_full_bridge,0.21052631578947367,0.875,0,0.53,0.53,equal,341.87631578947367
suitability_full_bridge,0.21052631578947367,0.875,0,0.53,0.73,differential,291.0042105263158
suitability_full_bridge,0.21052631578947367,0.875,0.3,0.53,0.53,equal,253.12921052631577
suitability_full_bridge,0.21052631578947367,0.875,0.3,0.53,0.73,differential,207.9503157894735
suitability_full_bridge,0.21052631578947367,0.875,0.6,0.53,0.53,equal,164.38210526315765
suitability_full_bridge,0.21052631578947367,0.875,0.6,0.53,0.73,differential,124.89642105263147
suitability_full_bridge,0.21052631578947367,0.875,1,0.53,0.53,equal,46.05263157894706
suitability_full_bridge,0.21052631578947367,0.875,1,0.53,0.73,differential,14.157894736841627
suitability_full_bridge,0.21052631578947367,0.875,0,0.54,0.54,equal,347.4578947368421
suitability_full_bridge,0.21052631578947367,0.875,0,0.54,0.74,differential,296.1073684210526
suitability_full_bridge,0.21052631578947367,0.875,0.3,0.54,0.54,equal,257.0363157894735
suitability_full_bridge,0.21052631578947367,0.875,0.3,0.54,0.74,differential,211.52252631578926
suitability_full_bridge,0.21052631578947367,0.875,0.6,0.54,0.54,equal,166.614736842105
suitability_full_bridge,0.21052631578947367,0.875,0.6,0.54,0.74,differential,126.93768421052619
suitability_full_bridge,0.21052631578947367,0.875,1,0.54,0.54,equal,46.05263157894751
suitability_full_bridge,0.21052631578947367,0.875,1,0.54,0.74,differential,14.157894736842081
suitability_full_bridge,0.21052631578947367,0.875,0,0.55,0.55,equal,353.0394736842106
suitability_full_bridge,0.21052631578947367,0.875,0,0.55,0.75,differential,301.2105263157895
suitability_full_bridge,0.21052631578947367,0.875,0.3,0.55,0.55,equal,260.9434210526317
suitability_full_bridge,0.21052631578947367,0.875,0.3,0.55,0.75,differential,215.09473684210525
suitability_full_bridge,0.21052631578947367,0.875,0.6,0.55,0.55,equal,168.84736842105235
suitability_full_bridge,0.21052631578947367,0.875,0.6,0.55,0.75,differential,128.9789473684209
suitability_full_bridge,0.21052631578947367,0.875,1,0.55,0.55,equal,46.05263157894751
suitability_full_bridge,0.21052631578947367,0.875,1,0.55,0.75,differential,14.157894736842081
suitability_full_bridge,0.21052631578947367,0.875,0,0.56,0.56,equal,358.621052631579
suitability_full_bridge,0.21052631578947367,0.875,0,0.56,0.76,differential,306.31368421052633
suitability_full_bridge,0.21052631578947367,0.875,0.3,0.56,0.56,equal,264.85052631578947
suitability_full_bridge,0.21052631578947367,0.875,0.3,0.56,0.76,differential,218.666947368421
suitability_full_bridge,0.21052631578947367,0.875,0.6,0.56,0.56,equal,171.07999999999993
suitability_full_bridge,0.21052631578947367,0.875,0.6,0.56,0.76,differential,131.02021052631562
suitability_full_bridge,0.21052631578947367,0.875,1,0.56,0.56,equal,46.05263157894751
suitability_full_bridge,0.21052631578947367,0.875,1,0.56,0.76,differential,14.157894736842081
suitability_full_bridge,0.21052631578947367,0.875,0,0.57,0.57,equal,364.2026315789474
suitability_full_bridge,0.21052631578947367,0.875,0,0.57,0.77,differential,311.41684210526313
suitability_full_bridge,0.21052631578947367,0.875,0.3,0.57,0.57,equal,268.7576315789472
suitability_full_bridge,0.21052631578947367,0.875,0.3,0.57,0.77,differential,222.23915789473676
suitability_full_bridge,0.21052631578947367,0.875,0.6,0.57,0.57,equal,173.31263157894728
suitability_full_bridge,0.21052631578947367,0.875,0.6,0.57,0.77,differential,133.06147368421034
suitability_full_bridge,0.21052631578947367,0.875,1,0.57,0.57,equal,46.05263157894751
suitability_full_bridge,0.21052631578947367,0.875,1,0.57,0.77,differential,14.157894736842081
suitability_full_bridge,0.21052631578947367,0.875,0,0.58,0.58,equal,369.78421052631575
suitability_full_bridge,0.21052631578947367,0.875,0,0.58,0.78,differential,316.5199999999999
suitability_full_bridge,0.21052631578947367,0.875,0.3,0.58,0.58,equal,272.6647368421052
suitability_full_bridge,0.21052631578947367,0.875,0.3,0.58,0.78,differential,225.81136842105252
suitability_full_bridge,0.21052631578947367,0.875,0.6,0.58,0.58,equal,175.54526315789462
suitability_full_bridge,0.21052631578947367,0.875,0.6,0.58,0.78,differential,135.10273684210506
suitability_full_bridge,0.21052631578947367,0.875,1,0.58,0.58,equal,46.05263157894797
suitability_full_bridge,0.21052631578947367,0.875,1,0.58,0.78,differential,14.157894736842536
suitability_full_bridge,0.21052631578947367,0.875,0,0.59,0.59,equal,375.3657894736841
suitability_full_bridge,0.21052631578947367,0.875,0,0.59,0.79,differential,321.6231578947368
suitability_full_bridge,0.21052631578947367,0.875,0.3,0.59,0.59,equal,276.57184210526316
suitability_full_bridge,0.21052631578947367,0.875,0.3,0.59,0.79,differential,229.3835789473685
suitability_full_bridge,0.21052631578947367,0.875,0.6,0.59,0.59,equal,177.77789473684197
suitability_full_bridge,0.21052631578947367,0.875,0.6,0.59,0.79,differential,137.14399999999978
suitability_full_bridge,0.21052631578947367,0.875,1,0.59,0.59,equal,46.05263157894751
suitability_full_bridge,0.21052631578947367,0.875,1,0.59,0.79,differential,14.157894736842081
suitability_full_bridge,0.21052631578947367,0.875,0,0.6,0.6,equal,380.9473684210526
suitability_full_bridge,0.21052631578947367,0.875,0,0.6,0.8,differential,326.7263157894737
suitability_full_bridge,0.21052631578947367,0.875,0.3,0.6,0.6,equal,280.47894736842113
suitability_full_bridge,0.21052631578947367,0.875,0.3,0.6,0.8,differential,232.9557894736845
suitability_full_bridge,0.21052631578947367,0.875,0.6,0.6,0.6,equal,180.01052631578978
suitability_full_bridge,0.21052631578947367,0.875,0.6,0.6,0.8,differential,139.18526315789495
suitability_full_bridge,0.21052631578947367,0.875,1,0.6,0.6,equal,46.05263157894751
suitability_full_bridge,0.21052631578947367,0.875,1,0.6,0.8,differential,14.157894736842081
suitability_full_bridge,0.21052631578947367,0.875,0,0.61,0.61,equal,386.5289473684211
suitability_full_bridge,0.21052631578947367,0.875,0,0.61,0.81,differential,331.82947368421054
suitability_full_bridge,0.21052631578947367,0.875,0.3,0.61,0.61,equal,284.3860526315791
suitability_full_bridge,0.21052631578947367,0.875,0.3,0.61,0.81,differential,236.52800000000002
suitability_full_bridge,0.21052631578947367,0.875,0.6,0.61,0.61,equal,182.24315789473667
suitability_full_bridge,0.21052631578947367,0.875,0.6,0.61,0.81,differential,141.22652631578922
suitability_full_bridge,0.21052631578947367,0.875,1,0.61,0.61,equal,46.05263157894797
suitability_full_bridge,0.21052631578947367,0.875,1,0.61,0.81,differential,14.157894736842536
suitability_full_bridge,0.21052631578947367,0.875,0,0.62,0.62,equal,392.11052631578946
suitability_full_bridge,0.21052631578947367,0.875,0,0.62,0.8200000000000001,differential,336.93263157894734
suitability_full_bridge,0.21052631578947367,0.875,0.3,0.62,0.62,equal,288.2931578947366
suitability_full_bridge,0.21052631578947367,0.875,0.3,0.62,0.8200000000000001,differential,240.10021052631555
suitability_full_bridge,0.21052631578947367,0.875,0.6,0.62,0.62,equal,184.47578947368402
suitability_full_bridge,0.21052631578947367,0.875,0.6,0.62,0.8200000000000001,differential,143.26778947368393
suitability_full_bridge,0.21052631578947367,0.875,1,0.62,0.62,equal,46.05263157894797
suitability_full_bridge,0.21052631578947367,0.875,1,0.62,0.8200000000000001,differential,14.157894736842536
suitability_full_bridge,0.21052631578947367,0.875,0,0.63,0.63,equal,397.6921052631579
suitability_full_bridge,0.21052631578947367,0.875,0,0.63,0.8300000000000001,differential,342.0357894736842
suitability_full_bridge,0.21052631578947367,0.875,0.3,0.63,0.63,equal,292.2002631578946
suitability_full_bridge,0.21052631578947367,0.875,0.3,0.63,0.8300000000000001,differential,243.6724210526313
suitability_full_bridge,0.21052631578947367,0.875,0.6,0.63,0.63,equal,186.70842105263137
suitability_full_bridge,0.21052631578947367,0.875,0.6,0.63,0.8300000000000001,differential,145.30905263157865
suitability_full_bridge,0.21052631578947367,0.875,1,0.63,0.63,equal,46.05263157894751
suitability_full_bridge,0.21052631578947367,0.875,1,0.63,0.8300000000000001,differential,14.157894736842081
suitability_full_bridge,0.21052631578947367,0.875,0,0.64,0.64,equal,403.27368421052626
suitability_full_bridge,0.21052631578947367,0.875,0,0.64,0.8400000000000001,differential,347.13894736842093
suitability_full_bridge,0.21052631578947367,0.875,0.3,0.64,0.64,equal,296.10736842105257
suitability_full_bridge,0.21052631578947367,0.875,0.3,0.64,0.8400000000000001,differential,247.2446315789473
suitability_full_bridge,0.21052631578947367,0.875,0.6,0.64,0.64,equal,188.9410526315787
suitability_full_bridge,0.21052631578947367,0.875,0.6,0.64,0.8400000000000001,differential,147.35031578947337
suitability_full_bridge,0.21052631578947367,0.875,1,0.64,0.64,equal,46.05263157894706
suitability_full_bridge,0.21052631578947367,0.875,1,0.64,0.8400000000000001,differential,14.157894736842081
suitability_full_bridge,0.21052631578947367,0.875,0,0.65,0.65,equal,408.85526315789474
suitability_full_bridge,0.21052631578947367,0.875,0,0.65,0.8500000000000001,differential,352.24210526315784
suitability_full_bridge,0.21052631578947367,0.875,0.3,0.65,0.65,equal,300.01447368421054
suitability_full_bridge,0.21052631578947367,0.875,0.3,0.65,0.8500000000000001,differential,250.81684210526305
suitability_full_bridge,0.21052631578947367,0.875,0.6,0.65,0.65,equal,191.17368421052606
suitability_full_bridge,0.21052631578947367,0.875,0.6,0.65,0.8500000000000001,differential,149.3915789473681
suitability_full_bridge,0.21052631578947367,0.875,1,0.65,0.65,equal,46.05263157894706
suitability_full_bridge,0.21052631578947367,0.875,1,0.65,0.8500000000000001,differential,14.157894736842081
suitability_full_bridge,0.21052631578947367,0.875,0,0.66,0.66,equal,414.43684210526317
suitability_full_bridge,0.21052631578947367,0.875,0,0.66,0.8600000000000001,differential,357.34526315789475
suitability_full_bridge,0.21052631578947367,0.875,0.3,0.66,0.66,equal,303.9215789473683
suitability_full_bridge,0.21052631578947367,0.875,0.3,0.66,0.8600000000000001,differential,254.3890526315788
suitability_full_bridge,0.21052631578947367,0.875,0.6,0.66,0.66,equal,193.40631578947387
suitability_full_bridge,0.21052631578947367,0.875,0.6,0.66,0.8600000000000001,differential,151.43284210526326
suitability_full_bridge,0.21052631578947367,0.875,1,0.66,0.66,equal,46.05263157894706
suitability_full_bridge,0.21052631578947367,0.875,1,0.66,0.8600000000000001,differential,14.157894736842081
suitability_full_bridge,0.21052631578947367,0.875,0,0.67,0.67,equal,420.0184210526316
suitability_full_bridge,0.21052631578947367,0.875,0,0.67,0.8700000000000001,differential,362.4484210526316
suitability_full_bridge,0.21052631578947367,0.875,0.3,0.67,0.67,equal,307.82868421052626
suitability_full_bridge,0.21052631578947367,0.875,0.3,0.67,0.8700000000000001,differential,257.96126315789456
suitability_full_bridge,0.21052631578947367,0.875,0.6,0.67,0.67,equal,195.63894736842076
suitability_full_bridge,0.21052631578947367,0.875,0.6,0.67,0.8700000000000001,differential,153.47410526315753
suitability_full_bridge,0.21052631578947367,0.875,1,0.67,0.67,equal,46.05263157894751
suitability_full_bridge,0.21052631578947367,0.875,1,0.67,0.8700000000000001,differential,14.157894736842536
suitability_full_bridge,0.21052631578947367,0.875,0,0.68,0.68,equal,425.59999999999997
suitability_full_bridge,0.21052631578947367,0.875,0,0.68,0.8800000000000001,differential,367.5515789473684
suitability_full_bridge,0.21052631578947367,0.875,0.3,0.68,0.68,equal,311.73578947368424
suitability_full_bridge,0.21052631578947367,0.875,0.3,0.68,0.8800000000000001,differential,261.53347368421055
suitability_full_bridge,0.21052631578947367,0.875,0.6,0.68,0.68,equal,197.87157894736856
suitability_full_bridge,0.21052631578947367,0.875,0.6,0.68,0.8800000000000001,differential,155.5153684210527
suitability_full_bridge,0.21052631578947367,0.875,1,0.68,0.68,equal,46.05263157894751
suitability_full_bridge,0.21052631578947367,0.875,1,0.68,0.8800000000000001,differential,14.157894736841627
suitability_full_bridge,0.21052631578947367,0.875,0,0.69,0.69,equal,431.18157894736834
suitability_full_bridge,0.21052631578947367,0.875,0,0.69,0.8899999999999999,differential,372.6547368421052
suitability_full_bridge,0.21052631578947367,0.875,0.3,0.69,0.69,equal,315.6428947368422
suitability_full_bridge,0.21052631578947367,0.875,0.3,0.69,0.8899999999999999,differential,265.1056842105263
suitability_full_bridge,0.21052631578947367,0.875,0.6,0.69,0.69,equal,200.1042105263159
suitability_full_bridge,0.21052631578947367,0.875,0.6,0.69,0.8899999999999999,differential,157.55663157894742
suitability_full_bridge,0.21052631578947367,0.875,1,0.69,0.69,equal,46.05263157894751
suitability_full_bridge,0.21052631578947367,0.875,1,0.69,0.8899999999999999,differential,14.157894736841627
suitability_full_bridge,0.21052631578947367,0.875,0,0.7,0.7,equal,436.7631578947368
suitability_full_bridge,0.21052631578947367,0.875,0,0.7,0.8999999999999999,differential,377.7578947368421
suitability_full_bridge,0.21052631578947367,0.875,0.3,0.7,0.7,equal,319.5500000000002
suitability_full_bridge,0.21052631578947367,0.875,0.3,0.7,0.8999999999999999,differential,268.6778947368423
suitability_full_bridge,0.21052631578947367,0.875,0.6,0.7,0.7,equal,202.33684210526326
suitability_full_bridge,0.21052631578947367,0.875,0.6,0.7,0.8999999999999999,differential,159.59789473684214
suitability_full_bridge,0.21052631578947367,0.875,1,0.7,0.7,equal,46.05263157894751
suitability_full_bridge,0.21052631578947367,0.875,1,0.7,0.8999999999999999,differential,14.157894736841627
suitability_full_bridge,0.21052631578947367,0.875,0,0.71,0.71,equal,442.3447368421052
suitability_full_bridge,0.21052631578947367,0.875,0,0.71,0.9099999999999999,differential,382.8610526315789
suitability_full_bridge,0.21052631578947367,0.875,0.3,0.71,0.71,equal,323.45710526315816
suitability_full_bridge,0.21052631578947367,0.875,0.3,0.71,0.9099999999999999,differential,272.25010526315805
suitability_full_bridge,0.21052631578947367,0.875,0.6,0.71,0.71,equal,204.5694736842106
suitability_full_bridge,0.21052631578947367,0.875,0.6,0.71,0.9099999999999999,differential,161.63915789473685
suitability_full_bridge,0.21052631578947367,0.875,1,0.71,0.71,equal,46.0526315789466
suitability_full_bridge,0.21052631578947367,0.875,1,0.71,0.9099999999999999,differential,14.157894736841627
suitability_full_bridge,0.21052631578947367,0.875,0,0.72,0.72,equal,447.9263157894737
suitability_full_bridge,0.21052631578947367,0.875,0,0.72,0.9199999999999999,differential,387.9642105263158
suitability_full_bridge,0.21052631578947367,0.875,0.3,0.72,0.72,equal,327.3642105263157
suitability_full_bridge,0.21052631578947367,0.875,0.3,0.72,0.9199999999999999,differential,275.8223157894736
suitability_full_bridge,0.21052631578947367,0.875,0.6,0.72,0.72,equal,206.80210526315796
suitability_full_bridge,0.21052631578947367,0.875,0.6,0.72,0.9199999999999999,differential,163.68042105263157
suitability_full_bridge,0.21052631578947367,0.875,1,0.72,0.72,equal,46.05263157894751
suitability_full_bridge,0.21052631578947367,0.875,1,0.72,0.9199999999999999,differential,14.157894736841627
suitability_full_bridge,0.21052631578947367,0.875,0,0.73,0.73,equal,453.5078947368421
suitability_full_bridge,0.21052631578947367,0.875,0,0.73,0.9299999999999999,differential,393.06736842105266
suitability_full_bridge,0.21052631578947367,0.875,0.3,0.73,0.73,equal,331.2713157894734
suitability_full_bridge,0.21052631578947367,0.875,0.3,0.73,0.9299999999999999,differential,279.39452631578934
suitability_full_bridge,0.21052631578947367,0.875,0.6,0.73,0.73,equal,209.0347368421053
suitability_full_bridge,0.21052631578947367,0.875,0.6,0.73,0.9299999999999999,differential,165.7216842105263
suitability_full_bridge,0.21052631578947367,0.875,1,0.73,0.73,equal,46.05263157894751
suitability_full_bridge,0.21052631578947367,0.875,1,0.73,0.9299999999999999,differential,14.157894736842536
suitability_full_bridge,0.21052631578947367,0.875,0,0.74,0.74,equal,459.0894736842105
suitability_full_bridge,0.21052631578947367,0.875,0,0.74,0.94,differential,398.17052631578946
suitability_full_bridge,0.21052631578947367,0.875,0.3,0.74,0.74,equal,335.1784210526314
suitability_full_bridge,0.21052631578947367,0.875,0.3,0.74,0.94,differential,282.9667368421051
suitability_full_bridge,0.21052631578947367,0.875,0.6,0.74,0.74,equal,211.26736842105265
suitability_full_bridge,0.21052631578947367,0.875,0.6,0.74,0.94,differential,167.762947368421
suitability_full_bridge,0.21052631578947367,0.875,1,0.74,0.74,equal,46.05263157894751
suitability_full_bridge,0.21052631578947367,0.875,1,0.74,0.94,differential,14.157894736841627
suitability_full_bridge,0.21052631578947367,0.875,0,0.75,0.75,equal,464.67105263157885
suitability_full_bridge,0.21052631578947367,0.875,0,0.75,0.95,differential,403.2736842105262
suitability_full_bridge,0.21052631578947367,0.875,0.3,0.75,0.75,equal,339.08552631578937
suitability_full_bridge,0.21052631578947367,0.875,0.3,0.75,0.95,differential,286.5389473684211
suitability_full_bridge,0.21052631578947367,0.875,0.6,0.75,0.75,equal,213.5
suitability_full_bridge,0.21052631578947367,0.875,0.6,0.75,0.95,differential,169.80421052631573
suitability_full_bridge,0.21052631578947367,0.875,1,0.75,0.75,equal,46.05263157894751
suitability_full_bridge,0.21052631578947367,0.875,1,0.75,0.95,differential,14.157894736842536
suitability_full_bridge,0.21052631578947367,0.875,0,0.76,0.76,equal,470.25263157894733
suitability_full_bridge,0.21052631578947367,0.875,0,0.76,0.96,differential,408.3768421052631
suitability_full_bridge,0.21052631578947367,0.875,0.3,0.76,0.76,equal,342.99263157894757
suitability_full_bridge,0.21052631578947367,0.875,0.3,0.76,0.96,differential,290.11115789473706
suitability_full_bridge,0.21052631578947367,0.875,0.6,0.76,0.76,equal,215.7326315789478
suitability_full_bridge,0.21052631578947367,0.875,0.6,0.76,0.96,differential,171.8454736842109
suitability_full_bridge,0.21052631578947367,0.875,1,0.76,0.76,equal,46.05263157894751
suitability_full_bridge,0.21052631578947367,0.875,1,0.76,0.96,differential,14.157894736841627
suitability_full_bridge,0.21052631578947367,0.875,0,0.77,0.77,equal,475.8342105263157
suitability_full_bridge,0.21052631578947367,0.875,0,0.77,0.97,differential,413.4799999999999
suitability_full_bridge,0.21052631578947367,0.875,0.3,0.77,0.77,equal,346.8997368421053
suitability_full_bridge,0.21052631578947367,0.875,0.3,0.77,0.97,differential,293.6833684210528
suitability_full_bridge,0.21052631578947367,0.875,0.6,0.77,0.77,equal,217.96526315789515
suitability_full_bridge,0.21052631578947367,0.875,0.6,0.77,0.97,differential,173.88673684210562
suitability_full_bridge,0.21052631578947367,0.875,1,0.77,0.77,equal,46.05263157894751
suitability_full_bridge,0.21052631578947367,0.875,1,0.77,0.97,differential,14.157894736842536
suitability_full_bridge,0.21052631578947367,0.875,0,0.78,0.78,equal,481.4157894736842
suitability_full_bridge,0.21052631578947367,0.875,0,0.78,0.98,differential,418.5831578947368
suitability_full_bridge,0.21052631578947367,0.875,0.3,0.78,0.78,equal,350.8068421052633
suitability_full_bridge,0.21052631578947367,0.875,0.3,0.78,0.98,differential,297.2555789473686
suitability_full_bridge,0.21052631578947367,0.875,0.6,0.78,0.78,equal,220.1978947368425
suitability_full_bridge,0.21052631578947367,0.875,0.6,0.78,0.98,differential,175.92800000000034
suitability_full_bridge,0.21052631578947367,0.875,1,0.78,0.78,equal,46.05263157894751
suitability_full_bridge,0.21052631578947367,0.875,1,0.78,0.98,differential,14.157894736841627
suitability_full_bridge,0.21052631578947367,0.875,0,0.79,0.79,equal,486.99736842105267
suitability_full_bridge,0.21052631578947367,0.875,0,0.79,0.99,differential,423.6863157894737
suitability_full_bridge,0.21052631578947367,0.875,0.3,0.79,0.79,equal,354.71394736842103
suitability_full_bridge,0.21052631578947367,0.875,0.3,0.79,0.99,differential,300.82778947368433
suitability_full_bridge,0.21052631578947367,0.875,0.6,0.79,0.79,equal,222.43052631578894
suitability_full_bridge,0.21052631578947367,0.875,0.6,0.79,0.99,differential,177.9692631578946
suitability_full_bridge,0.21052631578947367,0.875,1,0.79,0.79,equal,46.05263157894751
suitability_full_bridge,0.21052631578947367,0.875,1,0.79,0.99,differential,14.157894736842536
suitability_full_bridge,0.21052631578947367,0.875,0,0.8,0.8,equal,492.57894736842104
suitability_full_bridge,0.21052631578947367,0.875,0,0.8,1,differential,428.7894736842105
suitability_full_bridge,0.21052631578947367,0.875,0.3,0.8,0.8,equal,358.621052631579
suitability_full_bridge,0.21052631578947367,0.875,0.3,0.8,1,differential,304.4000000000001
suitability_full_bridge,0.21052631578947367,0.875,0.6,0.8,0.8,equal,224.6631578947363
suitability_full_bridge,0.21052631578947367,0.875,0.6,0.8,1,differential,180.01052631578932
suitability_full_bridge,0.21052631578947367,0.875,1,0.8,0.8,equal,46.0526315789466
suitability_full_bridge,0.21052631578947367,0.875,1,0.8,1,differential,14.157894736841627
suitability_full_bridge,0.21052631578947367,0.875,0,0.81,0.81,equal,498.1605263157895
suitability_full_bridge,0.21052631578947367,0.875,0,0.81,1,differential,435.16842105263163
suitability_full_bridge,0.21052631578947367,0.875,0.3,0.81,0.81,equal,362.52815789473675
suitability_full_bridge,0.21052631578947367,0.875,0.3,0.81,1,differential,309.34368421052636
suitability_full_bridge,0.21052631578947367,0.875,0.6,0.81,0.81,equal,226.8957894736841
suitability_full_bridge,0.21052631578947367,0.875,0.6,0.81,1,differential,183.51894736842132
suitability_full_bridge,0.21052631578947367,0.875,1,0.81,0.81,equal,46.05263157894751
suitability_full_bridge,0.21052631578947367,0.875,1,0.81,1,differential,15.75263157894733
suitability_full_bridge,0.21052631578947367,0.875,0,0.82,0.82,equal,503.7421052631579
suitability_full_bridge,0.21052631578947367,0.875,0,0.82,1,differential,441.5473684210526
suitability_full_bridge,0.21052631578947367,0.875,0.3,0.82,0.82,equal,366.4352631578947
suitability_full_bridge,0.21052631578947367,0.875,0.3,0.82,1,differential,314.28736842105263
suitability_full_bridge,0.21052631578947367,0.875,0.6,0.82,0.82,equal,229.12842105263144
suitability_full_bridge,0.21052631578947367,0.875,0.6,0.82,1,differential,187.02736842105287
suitability_full_bridge,0.21052631578947367,0.875,1,0.82,0.82,equal,46.0526315789466
suitability_full_bridge,0.21052631578947367,0.875,1,0.82,1,differential,17.347368421052124
suitability_full_bridge,0.21052631578947367,0.875,0,0.83,0.83,equal,509.3236842105263
suitability_full_bridge,0.21052631578947367,0.875,0,0.83,1,differential,447.92631578947373
suitability_full_bridge,0.21052631578947367,0.875,0.3,0.83,0.83,equal,370.3423684210527
suitability_full_bridge,0.21052631578947367,0.875,0.3,0.83,1,differential,319.23105263157913
suitability_full_bridge,0.21052631578947367,0.875,0.6,0.83,0.83,equal,231.3610526315788
suitability_full_bridge,0.21052631578947367,0.875,0.6,0.83,1,differential,190.53578947368442
suitability_full_bridge,0.21052631578947367,0.875,1,0.83,0.83,equal,46.05263157894751
suitability_full_bridge,0.21052631578947367,0.875,1,0.83,1,differential,18.942105263157828
suitability_full_bridge,0.21052631578947367,0.875,0,0.84,0.84,equal,514.9052631578948
suitability_full_bridge,0.21052631578947367,0.875,0,0.84,1,differential,454.30526315789473
suitability_full_bridge,0.21052631578947367,0.875,0.3,0.84,0.84,equal,374.24947368421067
suitability_full_bridge,0.21052631578947367,0.875,0.3,0.84,1,differential,324.1747368421054
suitability_full_bridge,0.21052631578947367,0.875,0.6,0.84,0.84,equal,233.59368421052613
suitability_full_bridge,0.21052631578947367,0.875,0.6,0.84,1,differential,194.04421052631596
suitability_full_bridge,0.21052631578947367,0.875,1,0.84,0.84,equal,46.0526315789466
suitability_full_bridge,0.21052631578947367,0.875,1,0.84,1,differential,20.53684210526262
suitability_full_bridge,0.21052631578947367,0.875,0,0.85,0.85,equal,520.4868421052631
suitability_full_bridge,0.21052631578947367,0.875,0,0.85,1,differential,460.6842105263157
suitability_full_bridge,0.21052631578947367,0.875,0.3,0.85,0.85,equal,378.1565789473684
suitability_full_bridge,0.21052631578947367,0.875,0.3,0.85,1,differential,329.1184210526317
suitability_full_bridge,0.21052631578947367,0.875,0.6,0.85,0.85,equal,235.82631578947348
suitability_full_bridge,0.21052631578947367,0.875,0.6,0.85,1,differential,197.5526315789475
suitability_full_bridge,0.21052631578947367,0.875,1,0.85,0.85,equal,46.05263157894751
suitability_full_bridge,0.21052631578947367,0.875,1,0.85,1,differential,22.131578947368325
suitability_full_bridge,0.21052631578947367,0.875,0,0.86,0.86,equal,526.0684210526315
suitability_full_bridge,0.21052631578947367,0.875,0,0.86,1,differential,467.06315789473683
suitability_full_bridge,0.21052631578947367,0.875,0.3,0.86,0.86,equal,382.0636842105264
suitability_full_bridge,0.21052631578947367,0.875,0.3,0.86,1,differential,334.0621052631582
suitability_full_bridge,0.21052631578947367,0.875,0.6,0.86,0.86,equal,238.0589473684213
suitability_full_bridge,0.21052631578947367,0.875,0.6,0.86,1,differential,201.0610526315795
suitability_full_bridge,0.21052631578947367,0.875,1,0.86,0.86,equal,46.0526315789466
suitability_full_bridge,0.21052631578947367,0.875,1,0.86,1,differential,23.72631578947312
suitability_full_bridge,0.21052631578947367,0.875,0,0.87,0.87,equal,531.6499999999999
suitability_full_bridge,0.21052631578947367,0.875,0,0.87,1,differential,473.4421052631578
suitability_full_bridge,0.21052631578947367,0.875,0.3,0.87,0.87,equal,385.97078947368436
suitability_full_bridge,0.21052631578947367,0.875,0.3,0.87,1,differential,339.00578947368444
suitability_full_bridge,0.21052631578947367,0.875,0.6,0.87,0.87,equal,240.29157894736863
suitability_full_bridge,0.21052631578947367,0.875,0.6,0.87,1,differential,204.56947368421106
suitability_full_bridge,0.21052631578947367,0.875,1,0.87,0.87,equal,46.05263157894751
suitability_full_bridge,0.21052631578947367,0.875,1,0.87,1,differential,25.321052631578823
suitability_full_bridge,0.21052631578947367,0.875,0,0.88,0.88,equal,537.2315789473683
suitability_full_bridge,0.21052631578947367,0.875,0,0.88,1,differential,479.82105263157894
suitability_full_bridge,0.21052631578947367,0.875,0.3,0.88,0.88,equal,389.8778947368421
suitability_full_bridge,0.21052631578947367,0.875,0.3,0.88,1,differential,343.9494736842107
suitability_full_bridge,0.21052631578947367,0.875,0.6,0.88,0.88,equal,242.52421052631598
suitability_full_bridge,0.21052631578947367,0.875,0.6,0.88,1,differential,208.0778947368426
suitability_full_bridge,0.21052631578947367,0.875,1,0.88,0.88,equal,46.0526315789466
suitability_full_bridge,0.21052631578947367,0.875,1,0.88,1,differential,26.915789473683617
suitability_full_bridge,0.21052631578947367,0.875,0,0.89,0.89,equal,542.8131578947367
suitability_full_bridge,0.21052631578947367,0.875,0,0.89,1,differential,486.19999999999993
suitability_full_bridge,0.21052631578947367,0.875,0.3,0.89,0.89,equal,393.7850000000001
suitability_full_bridge,0.21052631578947367,0.875,0.3,0.89,1,differential,348.893157894737
suitability_full_bridge,0.21052631578947367,0.875,0.6,0.89,0.89,equal,244.75684210526333
suitability_full_bridge,0.21052631578947367,0.875,0.6,0.89,1,differential,211.58631578947416
suitability_full_bridge,0.21052631578947367,0.875,1,0.89,0.89,equal,46.05263157894751
suitability_full_bridge,0.21052631578947367,0.875,1,0.89,1,differential,28.51052631578932
suitability_full_bridge,0.21052631578947367,0.875,0,0.9,0.9,equal,548.3947368421052
suitability_full_bridge,0.21052631578947367,0.875,0,0.9,1,differential,492.57894736842104
suitability_full_bridge,0.21052631578947367,0.875,0.3,0.9,0.9,equal,397.6921052631578
suitability_full_bridge,0.21052631578947367,0.875,0.3,0.9,1,differential,353.83684210526326
suitability_full_bridge,0.21052631578947367,0.875,0.6,0.9,0.9,equal,246.98947368421022
suitability_full_bridge,0.21052631578947367,0.875,0.6,0.9,1,differential,215.09473684210525
suitability_full_bridge,0.21052631578947367,0.875,1,0.9,0.9,equal,46.0526315789466
suitability_full_bridge,0.21052631578947367,0.875,1,0.9,1,differential,30.105263157894115
suitability_full_bridge,0.21052631578947367,0.875,0,0.91,0.91,equal,553.9763157894737
suitability_full_bridge,0.21052631578947367,0.875,0,0.91,1,differential,498.95789473684215
suitability_full_bridge,0.21052631578947367,0.875,0.3,0.91,0.91,equal,401.5992105263156
suitability_full_bridge,0.21052631578947367,0.875,0.3,0.91,1,differential,358.7805263157893
suitability_full_bridge,0.21052631578947367,0.875,0.6,0.91,0.91,equal,249.22210526315712
suitability_full_bridge,0.21052631578947367,0.875,0.6,0.91,1,differential,218.60315789473634
suitability_full_bridge,0.21052631578947367,0.875,1,0.91,0.91,equal,46.05263157894751
suitability_full_bridge,0.21052631578947367,0.875,1,0.91,1,differential,31.699999999999818
suitability_full_bridge,0.21052631578947367,0.875,0,0.92,0.92,equal,559.5578947368421
suitability_full_bridge,0.21052631578947367,0.875,0,0.92,1,differential,505.33684210526314
suitability_full_bridge,0.21052631578947367,0.875,0.3,0.92,0.92,equal,405.5063157894733
suitability_full_bridge,0.21052631578947367,0.875,0.3,0.92,1,differential,363.7242105263156
suitability_full_bridge,0.21052631578947367,0.875,0.6,0.92,0.92,equal,251.45473684210447
suitability_full_bridge,0.21052631578947367,0.875,0.6,0.92,1,differential,222.1115789473679
suitability_full_bridge,0.21052631578947367,0.875,1,0.92,0.92,equal,46.05263157894569
suitability_full_bridge,0.21052631578947367,0.875,1,0.92,1,differential,33.2947368421037
suitability_full_bridge,0.21052631578947367,0.875,0,0.93,0.93,equal,565.1394736842105
suitability_full_bridge,0.21052631578947367,0.875,0,0.93,1,differential,511.71578947368425
suitability_full_bridge,0.21052631578947367,0.875,0.3,0.93,0.93,equal,409.4134210526315
suitability_full_bridge,0.21052631578947367,0.875,0.3,0.93,1,differential,368.6678947368421
suitability_full_bridge,0.21052631578947367,0.875,0.6,0.93,0.93,equal,253.68736842105227
suitability_full_bridge,0.21052631578947367,0.875,0.6,0.93,1,differential,225.6199999999999
suitability_full_bridge,0.21052631578947367,0.875,1,0.93,0.93,equal,46.05263157894751
suitability_full_bridge,0.21052631578947367,0.875,1,0.93,1,differential,34.889473684210316
suitability_full_bridge,0.21052631578947367,0.875,0,0.94,0.94,equal,570.7210526315789
suitability_full_bridge,0.21052631578947367,0.875,0,0.94,1,differential,518.0947368421052
suitability_full_bridge,0.21052631578947367,0.875,0.3,0.94,0.94,equal,413.32052631578927
suitability_full_bridge,0.21052631578947367,0.875,0.3,0.94,1,differential,373.61157894736834
suitability_full_bridge,0.21052631578947367,0.875,0.6,0.94,0.94,equal,255.91999999999962
suitability_full_bridge,0.21052631578947367,0.875,0.6,0.94,1,differential,229.12842105263144
suitability_full_bridge,0.21052631578947367,0.875,1,0.94,0.94,equal,46.0526315789466
suitability_full_bridge,0.21052631578947367,0.875,1,0.94,1,differential,36.48421052631511
suitability_full_bridge,0.21052631578947367,0.875,0,0.95,0.95,equal,576.3026315789474
suitability_full_bridge,0.21052631578947367,0.875,0,0.95,1,differential,524.4736842105264
suitability_full_bridge,0.21052631578947367,0.875,0.3,0.95,0.95,equal,417.22763157894747
suitability_full_bridge,0.21052631578947367,0.875,0.3,0.95,1,differential,378.55526315789484
suitability_full_bridge,0.21052631578947367,0.875,0.6,0.95,0.95,equal,258.15263157894697
suitability_full_bridge,0.21052631578947367,0.875,0.6,0.95,1,differential,232.63684210526299
suitability_full_bridge,0.21052631578947367,0.875,1,0.95,0.95,equal,46.05263157894751
suitability_full_bridge,0.21052631578947367,0.875,1,0.95,1,differential,38.07894736842081
suitability_full_bridge,0.21052631578947367,0.875,0,0.96,0.96,equal,581.8842105263158
suitability_full_bridge,0.21052631578947367,0.875,0,0.96,1,differential,530.8526315789474
suitability_full_bridge,0.21052631578947367,0.875,0.3,0.96,0.96,equal,421.1347368421052
suitability_full_bridge,0.21052631578947367,0.875,0.3,0.96,1,differential,383.4989473684211
suitability_full_bridge,0.21052631578947367,0.875,0.6,0.96,0.96,equal,260.3852631578943
suitability_full_bridge,0.21052631578947367,0.875,0.6,0.96,1,differential,236.14526315789453
suitability_full_bridge,0.21052631578947367,0.875,1,0.96,0.96,equal,46.0526315789466
suitability_full_bridge,0.21052631578947367,0.875,1,0.96,1,differential,39.67368421052561
suitability_full_bridge,0.21052631578947367,0.875,0,0.97,0.97,equal,587.4657894736841
suitability_full_bridge,0.21052631578947367,0.875,0,0.97,1,differential,537.2315789473683
suitability_full_bridge,0.21052631578947367,0.875,0.3,0.97,0.97,equal,425.04184210526273
suitability_full_bridge,0.21052631578947367,0.875,0.3,0.97,1,differential,388.44263157894716
suitability_full_bridge,0.21052631578947367,0.875,0.6,0.97,0.97,equal,262.61789473684166
suitability_full_bridge,0.21052631578947367,0.875,0.6,0.97,1,differential,239.65368421052608
suitability_full_bridge,0.21052631578947367,0.875,1,0.97,0.97,equal,46.05263157894751
suitability_full_bridge,0.21052631578947367,0.875,1,0.97,1,differential,41.26842105263131
suitability_full_bridge,0.21052631578947367,0.875,0,0.98,0.98,equal,593.0473684210526
suitability_full_bridge,0.21052631578947367,0.875,0,0.98,1,differential,543.6105263157895
suitability_full_bridge,0.21052631578947367,0.875,0.3,0.98,0.98,equal,428.94894736842093
suitability_full_bridge,0.21052631578947367,0.875,0.3,0.98,1,differential,393.38631578947366
suitability_full_bridge,0.21052631578947367,0.875,0.6,0.98,0.98,equal,264.85052631578947
suitability_full_bridge,0.21052631578947367,0.875,0.6,0.98,1,differential,243.16210526315808
suitability_full_bridge,0.21052631578947367,0.875,1,0.98,0.98,equal,46.05263157894751
suitability_full_bridge,0.21052631578947367,0.875,1,0.98,1,differential,42.863157894737014
suitability_full_bridge,0.21052631578947367,0.875,0,0.99,0.99,equal,598.628947368421
suitability_full_bridge,0.21052631578947367,0.875,0,0.99,1,differential,549.9894736842105
suitability_full_bridge,0.21052631578947367,0.875,0.3,0.99,0.99,equal,432.8560526315787
suitability_full_bridge,0.21052631578947367,0.875,0.3,0.99,1,differential,398.3299999999999
suitability_full_bridge,0.21052631578947367,0.875,0.6,0.99,0.99,equal,267.0831578947368
suitability_full_bridge,0.21052631578947367,0.875,0.6,0.99,1,differential,246.67052631578963
suitability_full_bridge,0.21052631578947367,0.875,1,0.99,0.99,equal,46.05263157894751
suitability_full_bridge,0.21052631578947367,0.875,1,0.99,1,differential,44.45789473684181
suitability_full_bridge,0.21052631578947367,0.875,0,1.0,1.0,equal,604.2105263157895
suitability_full_bridge,0.21052631578947367,0.875,0,1.0,1,differential,556.3684210526316
suitability_full_bridge,0.21052631578947367,0.875,0.3,1.0,1.0,equal,436.76315789473665
suitability_full_bridge,0.21052631578947367,0.875,0.3,1.0,1,differential,403.2736842105262
suitability_full_bridge,0.21052631578947367,0.875,0.6,1.0,1.0,equal,269.3157894736837
suitability_full_bridge,0.21052631578947367,0.875,0.6,1.0,1,differential,250.17894736842072
suitability_full_bridge,0.21052631578947367,0.875,1,1.0,1.0,equal,46.0526315789466
suitability_full_bridge,0.21052631578947367,0.875,1,1.0,1,differential,46.0526315789466
